id,label
392,0
1900,0
24507,0
32817,0
47893,0
21562,0
809,0
19597,0
932,1
29560,0
39439,0
31204,0
34680,0
5373,0
31851,0
31466,0
31460,0
38144,1
15231,0
27312,0
25562,0
29828,0
16407,1
45845,0
38651,0
25135,0
27911,0
6804,0
44524,0
21274,0
21298,0
2059,0
29063,0
39767,1
678,0
25646,0
26536,0
33586,0
42114,0
37213,1
13091,0
23698,1
36981,1
39021,0
11583,0
41010,0
37401,0
4374,0
7944,0
47707,0
45800,0
18215,0
34852,0
13942,0
8647,0
37134,0
3908,1
29462,0
24132,0
15235,0
23917,0
15830,0
7936,0
1405,0
42830,0
18680,0
86,0
22864,0
10029,0
38786,1
42758,0
4035,0
16562,0
17473,0
5101,0
17655,1
48170,0
31412,0
47029,0
6218,1
33802,0
11514,0
20914,0
17646,0
833,0
43331,1
19498,1
26496,0
32701,0
48101,1
16284,0
20277,0
36377,1
32870,1
12749,0
32210,1
47399,0
2620,0
21754,0
6165,1
12997,0
10651,0
3627,0
38014,0
42362,0
29405,1
531,0
28621,0
6569,0
18868,0
47895,1
10169,0
17015,0
40248,0
36559,0
10379,0
44462,0
845,0
43204,0
45253,0
19385,0
47172,1
36291,0
5046,0
5194,0
7315,0
35045,1
9239,0
10006,0
3416,0
42763,0
24074,0
33170,1
3206,0
10834,0
42326,0
6417,1
24790,0
30873,0
43831,0
20426,0
2577,0
26358,0
39395,1
14334,0
11343,0
40548,0
35788,1
11457,0
12606,0
15574,0
23507,0
42077,0
6632,1
3329,1
6475,1
10720,0
37489,0
21778,0
18961,0
46735,0
9368,0
12757,0
26455,0
9462,0
24323,0
35439,0
1219,1
30930,0
20676,0
20763,0
18343,0
16307,1
35164,1
33028,0
1198,0
28488,0
16701,0
26853,0
27834,0
47890,1
48076,0
21949,0
8067,0
15128,0
8560,0
16729,0
46430,0
5731,0
8407,0
46047,0
38867,0
12181,1
6848,0
17462,0
32218,0
39619,0
11257,0
15781,0
44495,0
93,1
23710,0
22994,0
48781,0
45290,0
34609,0
45593,0
2905,0
34701,0
36727,0
26543,0
46715,0
32453,0
1282,1
19824,0
36744,0
7255,1
43498,1
5127,0
11913,0
41561,0
13872,1
1901,1
16507,0
13485,0
39993,0
40237,0
19639,0
43589,0
44226,0
30821,1
25728,0
37840,0
26850,0
45851,0
46250,0
29930,0
9404,0
3290,0
4443,0
43149,0
6961,1
29485,0
23254,0
20072,0
26872,0
25686,0
36963,1
18986,0
31308,0
34137,1
3127,0
27928,0
11995,0
22299,0
45547,0
26318,0
1975,0
33190,1
28879,1
41038,0
47874,1
15000,1
30220,0
25655,1
36030,0
25402,0
596,0
3016,0
12851,0
34962,1
9875,1
35931,0
47111,0
25763,1
48039,0
34698,0
27886,1
15050,0
39658,0
48665,0
35817,0
4959,0
12352,0
35698,0
29345,0
37240,0
7871,0
26532,0
6967,0
23484,1
25994,0
47338,0
15351,0
32593,0
23754,0
5320,0
22486,0
17860,0
7741,0
41252,0
5901,0
4621,0
45962,0
18004,0
7803,0
39253,1
46662,0
2485,0
2646,0
45431,0
26596,1
32987,0
32915,1
46310,0
30620,0
33869,0
5758,0
45557,1
39732,0
17768,0
19283,0
43290,0
11427,0
12641,1
11259,1
666,0
16608,0
41722,0
32721,1
47313,0
27307,1
39548,1
6053,0
13602,0
27531,0
13172,0
10888,0
19523,0
11619,0
46831,0
40446,1
3323,1
24591,0
16237,0
2542,1
48207,1
39788,0
20173,0
36355,0
43721,1
14906,0
12115,0
35963,0
27404,0
34730,0
6270,0
31559,0
4692,0
24122,1
15692,0
31075,0
10483,0
24729,0
35941,0
18052,0
13946,0
22515,1
9085,0
2195,0
16457,0
23076,0
41223,0
6129,1
18282,0
39960,1
45074,1
43107,1
26987,0
33793,0
11709,0
11047,0
2208,0
10221,0
39504,1
48779,0
8474,0
10433,0
34702,0
45632,0
44988,0
40937,0
42982,0
14652,0
33276,0
13597,0
1619,0
2867,0
32245,0
40945,0
1216,0
14844,0
28619,0
45042,0
7343,1
34334,1
21832,0
31386,0
30551,0
32522,0
3318,0
24915,0
42775,1
20792,0
11390,0
35700,0
45249,0
41543,1
31320,0
3883,0
2853,0
21924,0
47118,1
11170,0
46551,0
12306,0
45652,0
4240,0
41807,0
12941,1
4975,0
8599,0
8297,0
13893,0
46680,0
47740,0
11341,0
48638,0
33270,0
1372,0
28319,0
3792,0
16557,0
685,0
32101,0
15219,0
18100,0
907,1
36724,0
15037,1
27150,0
20803,0
22071,0
18410,0
12427,0
43467,0
38120,0
40824,0
17792,0
36918,0
47727,0
12867,0
44467,1
40592,0
24990,0
39550,0
42473,0
21450,0
3840,0
11789,0
32549,0
6790,0
41217,0
42875,1
8334,1
24690,0
44270,0
39372,0
5761,0
1175,0
38902,1
9745,0
24267,0
8720,0
14312,0
6219,1
35951,0
6278,0
22588,0
37934,1
40836,1
31854,0
6593,1
35925,1
12758,0
15016,1
31746,0
47903,0
379,0
5195,0
10230,0
15734,0
48722,0
26077,0
44847,0
21841,0
23893,0
31280,0
41457,1
41214,0
11,1
23303,1
5138,1
5557,0
43045,0
43284,0
45566,0
11364,0
34277,0
33796,0
8640,0
17245,0
28409,0
23277,0
19481,0
44282,0
4803,1
35220,0
21353,0
18791,0
6735,0
31665,0
32487,1
5824,0
8809,0
408,0
43854,1
11581,0
1520,0
34081,1
16480,1
14809,0
4572,0
25122,0
10015,0
29223,0
28746,0
31623,1
723,0
46934,0
47201,0
1522,0
14715,0
17212,0
45874,1
2567,0
48503,1
29780,0
39389,0
11719,0
9172,1
14009,0
27358,0
31174,0
5800,0
8039,0
48714,0
37315,0
34519,0
15467,0
35477,0
23526,0
12050,1
34000,0
7092,0
34005,0
45651,0
30323,1
30980,0
37568,0
3964,0
5829,0
5393,0
47822,1
488,0
3240,1
12943,0
32750,0
23523,0
38673,0
35688,0
28172,0
24708,0
43568,0
33952,0
18887,0
13722,1
26911,0
29995,0
29649,0
39762,0
24825,0
2954,1
1114,1
41286,0
33087,0
26062,0
38538,0
3932,0
31674,0
11833,1
30024,0
31869,0
22953,0
27070,0
18516,0
36064,0
13708,0
33071,0
1778,0
13214,0
39913,0
9209,1
20373,0
1538,0
6751,0
13522,1
46519,0
37170,1
25477,0
29687,0
5187,0
350,0
20082,0
17963,0
4927,1
20760,0
31917,0
11777,0
38324,0
19928,0
15806,0
8228,0
22054,0
28130,1
40143,0
5437,1
45119,0
45207,0
23374,0
41102,0
11747,1
40130,0
21266,0
29481,0
31952,0
37872,1
3909,0
40703,0
11774,0
32855,0
33736,1
15622,0
23752,0
1604,0
27512,0
14813,0
272,0
8714,0
3708,0
19798,0
3781,1
26864,1
47938,0
21426,1
38820,0
10443,0
45552,0
9944,0
47699,1
42381,0
17707,0
33806,0
42572,0
21169,0
2743,0
8692,0
16135,1
7001,0
45395,1
30943,1
10129,0
3299,1
8912,0
9410,0
22480,0
37721,0
43337,0
13802,0
8420,0
1476,0
48544,0
32812,0
10117,0
33625,0
617,0
18975,0
4357,0
38771,0
34756,0
18164,0
1621,1
8759,0
20442,0
26961,0
19080,0
20526,1
8537,0
10885,0
17443,0
205,1
33437,0
19786,0
15013,0
44614,1
1213,0
39284,1
31283,1
32814,0
44369,1
28096,0
12500,0
46860,0
20821,1
8652,0
5620,0
23826,0
28369,0
41924,0
39802,0
29684,0
23595,0
27382,0
12970,0
16175,1
45256,0
25233,0
1340,0
43950,0
39447,0
5266,1
37806,0
24621,1
2677,1
33243,1
19047,0
37496,1
21680,0
14105,1
3028,1
17632,0
4755,0
47766,0
44820,0
21694,0
1908,0
31754,0
21878,0
13499,0
9763,0
37884,1
10265,1
43757,0
31703,0
15669,0
25380,0
16948,0
47794,0
28519,0
30662,0
28018,0
15389,0
28091,0
39839,0
9377,0
10040,0
7534,1
45535,0
27942,1
16051,0
1615,0
19985,0
31410,0
21673,0
23351,0
45210,1
5989,0
10367,0
10057,0
7551,0
44648,0
5202,1
11231,0
33306,0
6883,0
47383,0
2040,0
33470,0
7097,0
9351,0
34647,0
48171,0
7107,0
13989,0
44136,0
40088,0
7930,1
11918,1
32766,1
6784,0
22929,0
10670,0
33009,0
5697,0
23358,0
17012,0
41605,1
45185,0
26272,0
19780,0
38536,0
24044,0
27880,0
13123,0
21121,0
2982,0
122,0
6318,1
46987,0
42657,0
546,0
26560,0
27060,0
24527,0
23122,0
44679,0
39741,1
4036,0
16043,0
19600,0
25654,1
2649,0
46675,0
3424,0
40772,0
2537,0
28480,0
7897,0
8762,0
25690,0
22398,1
46278,0
27588,1
23384,0
21165,0
14349,1
8667,1
36715,0
27806,1
20169,0
15662,0
39296,0
9825,0
12311,0
18947,1
12741,0
9369,0
1227,1
19069,0
46276,0
44698,0
25321,0
13210,0
2400,0
24240,0
14076,0
46862,0
7704,1
2757,0
11873,1
31114,0
36381,0
31319,0
30718,0
22912,0
43244,0
18707,0
17568,1
23085,0
30292,0
29711,0
18448,0
32197,0
28624,0
13622,0
1418,0
47020,0
1588,0
42970,0
35855,0
42597,0
43883,0
26530,1
21674,0
4336,0
31089,0
8449,1
10573,0
5974,1
15441,0
21874,0
29144,1
19333,0
2889,0
40704,0
3521,0
697,0
9195,1
21709,0
39225,0
1569,0
12981,0
13803,0
7461,1
35310,0
9406,0
45971,0
21410,0
19300,0
14463,0
13777,0
32513,1
38426,0
14714,0
38652,0
13184,0
37083,1
4736,0
45917,1
44540,0
12539,0
15263,0
46195,0
8876,0
41552,0
44721,0
38544,0
15374,0
16383,1
23872,0
11441,0
13747,0
29224,0
6889,0
796,0
26587,0
1927,0
23000,0
6244,0
6761,0
30963,0
36157,0
27813,0
19659,1
20418,1
47600,0
18526,0
39133,0
15853,0
25524,1
37421,0
47415,0
38064,0
8880,0
13919,0
17184,0
34919,1
37556,0
24896,1
16800,0
1600,0
44778,0
5481,0
31698,0
5383,0
9823,0
21710,0
25141,0
13581,1
1170,0
10927,0
6782,0
10864,0
4752,0
14159,0
39053,0
33378,0
15645,0
30251,0
46384,0
18003,0
45787,1
1252,0
3117,1
5025,1
28044,0
31601,0
22388,0
10847,0
18936,0
46632,0
25720,0
25761,0
193,0
39254,0
232,1
12638,0
14369,1
48675,0
25733,0
41786,0
18551,0
36839,1
11751,0
38809,1
12690,0
43784,0
26683,0
8641,0
25592,1
48143,0
47094,0
44392,0
28484,1
23934,0
41460,1
35996,0
14739,1
26008,0
27951,0
34858,0
29093,0
43480,0
28361,0
3368,0
24593,0
48074,0
26120,0
20631,1
26636,0
48583,0
5670,1
2344,1
16416,0
6532,0
19548,1
23629,1
15816,1
6122,0
17895,0
37926,1
11498,0
17821,0
3998,1
2881,1
5862,1
33862,0
25123,0
42357,0
13067,0
40627,0
25737,0
15595,0
18554,0
26939,1
7792,0
38973,1
6152,0
48636,0
19033,0
294,0
20319,0
27187,0
47463,0
2886,1
2052,0
47810,0
22686,0
18913,1
4870,1
12100,0
20882,0
26638,0
35643,1
30054,0
29070,0
47421,1
30578,0
16744,1
12737,0
23104,0
42051,0
24162,1
11406,1
13413,0
32841,0
2531,1
34338,0
15323,0
2583,0
44378,0
15347,0
38342,0
41817,0
43055,0
30609,0
14917,0
16913,0
25597,0
10684,0
29301,0
11035,1
42930,1
27894,0
41793,0
28932,0
11803,0
3992,1
4435,0
17099,0
35386,0
38729,1
7782,0
3910,0
5702,0
7579,1
13987,0
42099,1
42005,0
38359,0
25361,1
37306,0
23711,0
13121,0
6771,0
12984,1
29065,0
38422,0
38132,0
36736,0
41098,0
46796,0
17158,0
10667,0
16155,1
492,0
44550,0
42188,0
40306,0
19720,1
6290,0
13983,0
28080,1
586,0
33082,0
38276,0
11806,0
4772,0
15262,0
48134,0
21825,1
1662,1
4633,0
11209,0
46790,0
17314,0
16519,1
30845,0
25623,0
12345,0
37279,0
43869,1
8483,0
16401,0
17377,0
19934,1
17293,0
23248,0
42345,0
6319,0
27919,0
5825,0
22238,0
981,0
41305,1
37996,0
19794,0
42150,0
38321,0
9652,0
36816,0
43521,0
23429,1
8582,0
31274,1
23675,1
20800,0
37605,0
45929,1
12891,0
30238,0
27968,0
17415,0
17656,0
9810,0
6242,1
4816,0
45456,0
40993,0
22974,0
38211,0
38224,0
3667,0
32895,0
6076,0
46515,0
32241,0
29305,0
48783,0
20382,0
4015,0
7241,0
44677,0
24883,0
17848,0
33863,0
38399,0
11979,0
48146,0
1354,0
543,0
30908,1
5501,0
44186,0
23785,1
35298,0
3143,0
21644,0
21389,0
20653,0
48520,1
14035,0
16580,0
10429,0
4753,0
11291,1
42162,0
29341,0
30146,1
45604,0
48211,0
4775,0
16488,1
13901,0
47337,0
29903,0
27824,0
36936,0
15728,0
44897,0
35819,0
5889,0
48275,0
17402,0
43195,0
30340,0
22950,0
42484,1
36068,0
39317,0
40690,0
7870,0
12921,0
46890,0
37851,1
48486,0
24776,0
9946,1
5598,0
15163,1
18922,0
45797,0
4127,0
13746,0
47205,0
48050,0
37394,0
15783,0
33411,0
20749,0
24613,0
35729,0
9177,1
10159,0
46559,0
48605,0
10665,0
40421,1
39158,1
35255,0
41122,1
441,0
8174,1
791,0
541,0
45508,0
749,1
44336,1
21288,0
29573,1
26071,0
4564,0
37095,0
707,0
19706,0
38042,0
25404,0
27963,0
5577,0
11978,1
38626,0
43968,0
34460,0
13525,0
4882,0
17527,0
14661,1
6215,0
1945,0
10448,0
35638,1
1614,1
25173,0
27171,0
38978,1
29421,0
31213,0
17557,1
20723,0
33436,1
44781,0
38917,0
39468,0
34994,0
779,0
11008,1
4009,0
11423,1
30886,0
25917,0
27472,0
28031,0
33946,0
31477,0
11044,0
11148,0
21399,0
6930,0
40069,0
38092,0
29191,1
36507,0
26256,0
44989,0
44569,0
14624,0
15477,1
23969,0
34729,0
44312,0
423,0
20705,0
3904,0
10669,0
25844,0
4830,0
25339,0
5185,0
40041,0
22295,0
41893,1
20521,0
30423,0
6982,1
12365,0
40396,0
44122,0
41303,0
10802,0
1631,0
46692,0
3350,0
2736,0
20475,0
18059,0
28201,1
14280,0
40844,0
32850,0
34599,0
42341,0
42013,0
47677,0
29710,0
8902,0
22262,1
44766,0
19212,0
39943,1
24705,0
26784,0
48532,1
40493,0
15599,0
9680,0
47661,0
24221,0
17280,0
7626,0
40438,1
5057,0
6056,0
13937,0
39760,0
35513,0
11398,0
14268,1
44590,0
13908,0
17883,0
13506,0
25815,1
4825,0
24525,0
17343,0
18074,0
11692,0
28343,0
36474,0
18539,0
47954,0
15919,0
19321,0
39976,0
40209,0
47952,1
853,0
43291,0
45517,0
9976,0
18016,0
30027,0
45036,0
21230,0
8390,0
9231,0
14655,0
19150,0
19374,0
31240,1
28264,0
2728,0
47555,0
44056,0
7527,0
35759,0
12404,0
6466,1
33080,0
12062,0
2225,0
17591,0
3897,0
43579,1
43917,1
7417,1
34108,0
42864,0
25689,0
12044,0
13862,0
39608,0
40358,0
4324,0
20522,0
13180,0
19188,0
767,0
39038,0
18900,0
16248,0
38205,0
8626,0
7245,0
20354,0
28562,0
45555,0
36665,0
23311,1
32044,0
4238,0
9257,1
10689,0
15814,1
31243,1
18512,1
32599,0
21133,0
34048,0
39206,0
19466,0
574,0
20544,0
40236,0
28394,0
45217,0
2724,0
12549,0
15308,1
42849,0
29845,0
17423,0
29723,0
19262,1
21854,0
10624,0
27190,0
19508,0
12722,0
18123,0
42224,0
14888,0
10088,0
37724,0
14552,0
17178,0
8237,1
6292,1
23679,0
2812,0
11541,1
3434,0
6625,0
43725,0
13181,0
33056,0
5850,0
30152,1
29615,0
2037,1
6231,0
26846,1
45015,0
11114,0
3625,0
8666,0
10926,0
33296,0
6492,0
40403,0
23287,0
42177,0
35387,1
21302,0
949,0
45525,1
19634,0
18514,0
47126,0
42258,1
5609,0
46147,1
18206,0
45523,1
24019,0
42173,0
2997,0
44026,0
16087,0
32819,0
15246,0
35869,0
46872,0
10600,0
48773,0
44086,0
9949,1
17086,0
39363,0
30358,0
28845,1
2887,0
32633,0
47007,0
43067,0
116,0
18924,0
336,0
15670,0
15514,0
4529,0
46647,0
15418,1
18170,0
38184,1
13650,0
16017,0
34912,0
5069,1
25148,0
42398,0
35534,1
4950,0
39091,0
23150,0
33636,0
7131,1
24335,0
17516,0
7379,0
18730,0
30490,0
15673,0
14723,0
33453,0
29047,0
32890,1
24379,1
24230,0
42675,0
18559,0
31501,0
22024,0
9284,0
36435,0
2423,0
43863,1
17202,0
38012,0
35657,0
22175,0
9193,0
20529,0
23127,0
44450,0
22429,0
2957,0
32904,0
48627,0
20656,1
28370,0
45753,1
34009,0
33235,1
15847,0
1902,0
31905,0
4574,0
18973,0
13530,0
9474,0
12946,0
19248,0
38922,1
16936,0
37474,1
45661,0
42543,0
37500,0
13490,0
43084,0
18983,0
7776,0
36927,1
44135,0
36533,0
43229,0
28274,0
43315,0
3311,1
10818,1
22823,0
34133,0
36244,0
9198,0
1206,0
10205,0
15877,0
33920,1
24569,0
44731,0
21460,0
37529,0
44662,0
11717,0
28647,0
37551,0
34196,1
31546,0
28900,0
16246,1
15089,0
14936,0
21512,0
45029,1
47568,1
2206,0
45776,0
40062,0
38259,0
27790,0
38610,0
8005,0
25073,0
2676,0
16301,0
44560,0
1828,0
26259,1
26674,0
13523,0
40105,0
27482,0
45825,0
3306,0
15137,0
10402,0
38194,1
12842,1
28600,0
28941,1
4365,0
13398,0
35705,0
41089,0
26085,0
26512,0
28126,0
46134,1
10700,0
39294,0
19230,1
24270,0
14588,1
29777,0
43663,1
46871,0
12613,0
9048,0
4785,0
28100,0
3926,0
11570,0
46782,0
44445,0
47130,0
43888,0
43608,0
21197,0
31106,0
24519,1
34299,0
44324,0
5965,0
20880,0
33439,0
11615,0
18307,0
20870,0
22205,0
17808,0
27489,0
12560,0
13461,0
43008,1
6908,1
46704,1
37275,0
16897,0
37674,1
30726,0
37246,1
27658,0
45287,1
12146,0
44538,1
6120,0
33870,0
46024,0
5005,0
8154,0
3522,1
6588,0
35894,0
6836,0
16752,0
42480,0
25906,1
37968,0
28657,0
3491,0
33733,0
29855,0
9393,0
13605,0
21135,0
18464,0
19192,0
114,0
46441,0
15020,0
47586,0
16774,0
2220,0
33892,0
44702,0
42654,0
11695,0
13411,0
41080,0
21489,0
39112,0
43197,0
14639,0
9071,0
36618,0
4514,1
10729,0
20809,0
33279,0
31380,1
14120,1
5346,0
33977,0
13859,0
41212,0
36552,0
5643,0
3874,0
19859,1
9306,0
46659,0
21272,0
10042,0
27930,0
21540,0
25637,0
8982,0
42676,0
4949,1
25022,1
6687,1
15372,0
26330,0
42501,0
17590,0
993,1
5896,0
6723,0
11917,1
37878,0
41710,0
22584,0
41809,0
45637,0
37971,0
42884,0
36343,0
1001,0
45799,0
14808,0
23571,0
48025,0
32732,0
27028,0
21717,0
22573,1
34161,0
23700,1
25086,0
10543,1
22393,1
2574,0
25193,0
3760,1
37077,1
46200,1
16151,0
16154,1
14729,0
45859,0
11735,0
33162,0
28974,0
15871,0
43065,0
32875,1
20431,0
3198,0
39393,0
44557,0
12617,0
6518,1
4498,0
12162,0
28034,1
5349,0
20592,0
42207,0
47930,0
14854,0
6479,1
40535,0
46328,1
37907,0
43929,0
739,0
12817,0
33763,0
6793,0
7823,1
28742,0
4318,0
15057,0
12098,0
28678,0
31426,0
9512,0
3984,0
45385,1
35047,0
17543,1
24737,0
32657,0
16147,0
33085,1
462,0
29185,1
38952,0
4372,1
43954,0
42992,1
20073,0
36547,0
26158,0
11880,1
37790,0
10815,0
29104,0
14756,1
31808,0
23491,0
31747,0
10705,0
28971,0
4682,0
3694,0
29387,0
37952,0
27188,1
28513,1
7990,0
45049,0
3387,0
42309,0
35309,1
40963,0
47137,0
19104,0
41392,1
39639,0
41782,0
18694,0
30474,1
33529,0
17371,0
29476,1
12973,0
46853,1
7234,0
12669,0
17938,0
978,0
42648,1
11054,0
37679,1
21564,1
45144,0
40429,1
17766,1
4541,1
18025,0
27830,0
32729,0
7207,1
31221,0
33842,0
19974,0
13839,0
23892,1
6748,0
13426,1
35020,0
43216,1
2925,0
47957,0
38523,0
21292,0
15450,1
16866,0
22061,0
19533,0
46198,0
19693,0
11894,0
38239,0
3814,0
168,0
20062,0
7916,0
32931,1
19259,1
31351,0
3860,0
21902,1
39871,1
27541,0
43240,0
45710,1
19448,0
48273,0
34358,1
42257,0
13311,0
37591,0
9158,0
1924,0
34838,0
15748,0
44427,0
40686,0
48174,0
2884,1
33633,0
29554,1
42505,0
30678,1
46699,0
21194,0
35475,1
37561,1
5590,0
40562,0
43323,0
21851,0
18238,0
21757,0
24321,0
46335,0
10440,0
22099,1
12369,0
33570,0
7727,0
31805,0
4861,0
44403,0
36360,0
5241,1
18969,1
17571,0
20101,0
22963,0
43263,1
35076,1
42127,0
33534,0
1338,0
24455,0
31370,0
18803,0
19819,0
40184,0
32805,0
8354,1
5270,0
11715,0
29745,1
27898,1
21896,0
10844,0
21652,1
16570,0
6033,0
22566,0
28258,1
5237,0
25419,0
32461,0
41332,0
35621,0
22453,1
48276,0
19690,0
42933,0
43966,0
30806,0
35560,0
22426,0
20573,0
36752,0
45232,0
38935,0
24679,1
15363,1
12506,0
42366,0
4171,0
19256,0
47050,1
19917,0
36591,1
15972,0
18627,1
24282,1
30426,1
2601,0
45531,0
200,0
29313,0
8657,0
33053,0
24148,0
21525,0
9055,0
9965,1
26910,0
40933,0
14348,0
12483,0
44953,1
2552,0
26299,1
30734,0
44031,0
30832,0
3617,1
11653,0
4362,0
12835,0
17338,0
20737,0
22359,0
31147,0
39105,0
38519,0
31452,0
10852,0
20337,1
1178,0
43246,1
44599,0
10021,1
911,0
39776,0
20886,0
31363,0
43732,0
6136,0
45912,0
26984,0
45152,1
47768,1
27659,0
7227,1
13519,0
10252,0
25140,1
4012,0
26995,0
46133,0
11338,0
18027,0
43991,1
39513,1
6141,0
10958,0
4773,1
12009,0
12830,0
39660,0
4458,0
21631,0
42282,0
47872,0
11102,0
43497,0
29928,0
5927,0
34142,0
1197,0
30745,0
16550,0
4547,0
21459,0
32607,1
48328,1
27771,0
21600,0
41982,0
197,0
1231,0
10965,0
13147,0
2252,1
8262,0
1267,0
39500,0
35824,0
48478,0
31076,0
12622,1
45671,0
4044,1
20675,0
14738,0
37349,1
37140,0
39809,1
24334,0
6301,0
11030,1
12243,0
36548,0
42706,0
15712,0
34390,1
13079,0
24478,0
38868,0
47980,0
44604,0
41351,1
20055,0
40231,0
43100,0
28592,0
37316,0
42313,0
19868,0
3570,0
21474,1
36403,0
15062,1
19010,0
41731,1
1134,0
29909,0
28429,0
46197,0
39387,0
43215,0
36613,0
16123,0
42568,0
16290,1
5932,0
46365,0
4342,0
13097,0
24638,0
6712,0
26834,0
6008,0
40277,1
43987,0
14163,0
11499,0
36386,0
17926,0
8465,0
48240,0
8971,1
43478,0
45577,0
32194,0
26352,0
33646,1
21232,0
20397,1
30681,0
35639,0
27829,0
3051,0
23937,1
19167,0
16200,0
36750,0
34292,0
11897,0
7762,0
22245,0
41484,0
22035,0
27593,0
23178,0
26746,0
17872,0
32687,0
46527,0
31680,0
17004,0
28307,0
41501,0
1830,1
41208,0
47983,0
13339,0
2784,1
1677,0
31641,0
20274,0
19951,0
28375,1
48442,0
37084,0
735,0
9729,0
37778,0
30647,0
8679,0
4387,0
10048,0
8296,0
46358,1
42515,0
7820,1
18830,0
14706,0
4969,0
44809,0
10213,0
3753,0
9174,0
18212,0
20313,1
31807,0
37414,0
25648,0
816,0
29833,1
24003,1
26624,0
29265,0
29889,0
3098,1
27224,0
25169,0
27069,0
35115,0
42482,0
46471,0
29977,1
13990,0
25590,0
19900,0
40292,1
11103,0
13828,1
13544,0
11038,0
31595,1
32010,0
6024,1
7422,1
12323,0
44133,0
11429,0
29130,0
46820,0
8983,0
6451,0
15652,1
44594,0
14102,1
45823,1
48596,0
47405,0
4976,0
2633,0
41015,0
29901,0
46740,0
47951,0
5894,0
46631,0
4417,0
21827,0
22537,0
33350,0
31900,1
9930,0
45124,0
24243,0
4798,0
20603,0
3080,0
17965,0
8575,0
23314,0
9836,0
22986,0
38069,0
36768,1
19885,0
19299,1
7444,0
11433,0
42818,0
12594,0
21891,0
47776,0
45660,0
43955,0
25642,0
45026,0
33877,0
9013,0
23080,0
10457,0
35974,0
7466,0
28545,0
36346,0
9015,0
17599,0
34637,0
24281,0
40468,1
29768,1
30868,1
3505,0
16075,0
9876,0
21552,0
3220,0
34177,0
39078,0
25197,0
31590,0
1191,1
47547,0
22760,1
27325,0
9358,0
20572,1
1929,0
28602,1
45662,0
34916,0
44451,0
2142,1
24018,0
8778,1
1407,0
13352,1
38642,0
45738,0
38928,0
16451,0
36887,0
8317,1
26458,0
26731,0
5605,1
11604,0
2815,0
15112,0
31187,0
43474,1
1240,1
6258,0
1124,0
48127,1
33330,1
48141,0
18237,0
754,0
20569,1
8158,0
16862,1
23677,0
16911,1
48507,0
2480,0
44893,0
5164,0
5942,0
44736,1
21969,0
16908,0
15422,0
48467,1
42778,0
20510,0
15873,0
33611,0
1765,0
10201,0
20210,0
44601,0
4326,0
41325,0
16561,0
6896,0
40340,0
35904,0
27328,0
17380,0
9402,0
32501,0
7292,0
8812,0
27897,1
22945,0
5874,0
7135,1
4705,0
17690,0
3761,0
24795,0
5699,0
19578,0
4801,0
28740,0
13690,0
36440,0
23143,0
10271,0
32678,0
20152,0
27873,0
48440,0
23616,0
30789,0
19060,0
9614,1
46017,0
18786,0
31753,0
3204,0
19939,1
21082,0
8421,0
12769,0
37071,0
22152,0
47675,0
10046,0
47470,1
46566,1
17541,0
10860,1
7235,0
6431,0
36333,0
23758,0
13511,0
37749,1
2341,0
12399,0
6281,0
12285,0
11567,0
41895,0
1555,0
9371,0
37692,0
38464,0
47652,1
29114,0
47127,0
46,0
26963,0
32456,1
14365,0
32969,0
35139,0
23329,0
5024,0
42794,0
11444,1
46295,1
29331,0
15801,0
15989,0
45407,0
33724,0
46958,0
29706,0
36254,0
32853,0
33355,0
6596,0
1229,0
25181,0
30113,0
45822,0
26000,0
29789,0
5667,0
46674,0
18117,0
45044,0
14193,1
37075,1
38784,0
30441,0
660,0
11371,1
42235,0
35514,0
22910,0
22143,0
43914,0
34711,0
45526,0
26894,1
46474,1
4338,0
20482,0
31350,1
41569,1
18893,0
25285,0
36181,0
39592,1
16616,0
34019,0
12820,1
16569,0
25718,0
32395,1
6409,0
4488,1
18018,0
10805,1
46976,0
35495,0
27633,0
13904,0
1855,0
22430,0
43422,1
6025,0
17723,0
1786,0
11950,0
836,0
11905,0
34483,0
35991,0
18758,0
27522,0
1616,0
8163,0
28466,0
29100,0
43848,1
29806,0
24930,0
9360,0
29441,0
38264,0
19482,0
877,0
39648,1
610,0
29511,0
9814,1
46981,0
13305,1
37681,0
2918,1
44859,1
1463,0
9285,0
25569,0
39892,0
28836,0
41061,0
2236,1
41778,0
32581,0
7297,1
40503,0
14150,1
24141,0
47115,0
26454,0
23242,1
15154,0
28901,0
1610,0
1769,0
24402,0
34949,0
32452,0
21614,0
38671,0
46386,1
10891,0
20806,0
37740,0
34226,0
22533,0
14108,0
2643,0
16355,0
44911,0
40997,0
511,0
23123,0
10101,0
13679,0
16918,0
47645,0
11330,0
24502,0
23574,0
29696,0
43678,0
14976,0
14524,0
9313,0
41172,0
3022,0
46000,1
18029,0
12043,0
4914,0
41829,0
44536,0
5023,0
14983,0
47786,0
28083,0
16916,0
2911,0
26836,0
1145,0
22736,0
5627,0
47981,0
16098,0
25139,0
31857,1
42996,0
9323,0
9301,0
10235,1
37913,0
24996,0
11724,0
8563,0
3683,0
2090,0
48309,1
35060,0
45534,0
28543,0
20103,0
42912,0
21702,0
8539,1
14628,0
16718,0
6898,1
826,0
2919,0
47021,1
24833,0
18248,0
36126,0
45183,0
22189,0
7456,1
13025,0
42229,0
19387,1
47441,0
31785,0
25929,0
26888,0
2280,0
24349,0
25116,0
48055,1
37113,0
16060,0
3262,0
45432,0
19573,0
35848,1
26565,0
27372,0
9526,1
4276,1
2030,0
42495,0
19873,0
930,0
13191,0
31972,0
19976,1
17334,1
28557,0
35442,0
28161,0
30370,0
18738,0
17550,0
1428,0
28825,1
12678,0
19339,0
3095,0
47434,0
15387,1
39768,0
13890,0
9091,0
45846,1
18685,1
35241,0
27010,0
39006,0
39275,0
44465,0
26577,0
28349,0
11643,0
16734,0
18061,1
32463,0
12437,0
11089,1
14204,0
30645,0
35453,0
41163,0
46645,1
22467,0
28477,0
37164,0
39408,0
2787,0
3144,0
20315,0
32630,0
41595,1
36884,1
21655,1
48733,0
6831,0
29383,0
918,0
16295,0
14405,0
48228,1
37180,0
33722,0
36430,1
39971,0
6805,0
44933,1
32335,1
28750,1
46929,0
47329,1
26229,0
28927,0
18510,0
7173,0
29444,0
4141,0
32708,0
46605,0
5529,0
7566,0
13851,0
15386,0
42953,0
14647,1
5143,0
11331,0
22389,0
23630,0
10752,0
31092,0
13256,1
12477,0
35709,0
10171,0
9129,0
2909,0
17502,0
22285,0
9830,0
7524,0
41191,0
48112,1
14856,0
24499,0
41955,1
14651,0
36171,0
20465,0
40838,1
14944,0
2333,0
30291,0
16837,0
13827,0
6390,0
47296,0
40875,0
28286,1
25672,0
9831,0
758,0
28246,1
14774,0
27427,0
22072,0
15482,1
36100,0
9891,1
4944,0
420,0
3120,0
44529,0
37288,0
4558,0
13297,0
1174,1
39441,0
8970,0
34682,0
20160,1
32254,0
34509,0
26309,0
34095,0
36907,0
2771,0
15191,1
4728,0
18952,0
18143,0
11845,0
11597,0
35349,0
28691,0
38236,0
24748,0
21932,0
34671,0
43787,0
22632,0
23075,0
31571,1
7919,0
2731,0
33661,0
35229,1
22084,0
47620,0
8264,0
2108,1
47348,0
32932,0
12730,1
9824,0
24488,0
14841,0
23627,0
1943,0
44325,0
43983,0
25869,0
45440,0
43442,1
27884,0
2872,0
19154,1
37381,0
10246,0
26470,0
47233,1
41849,0
5954,0
42651,0
28296,0
24300,0
45560,0
21577,0
135,0
45283,0
21750,0
29750,0
22664,1
33719,0
21570,0
45433,0
43285,1
17840,0
43029,0
34914,1
34352,0
38294,0
21940,1
1118,0
35283,0
5743,1
43802,0
19537,0
15234,1
7120,0
32009,1
37052,1
25993,0
17267,0
28109,0
9065,0
22854,0
5629,0
28036,1
4047,0
45510,1
40547,0
40140,0
7689,0
41455,0
12667,1
13790,0
11376,0
27662,0
9999,0
40708,0
46222,0
17424,0
43346,0
29274,0
15443,0
31560,1
42470,0
11860,0
47005,0
33179,1
44929,1
32806,0
29039,0
48529,0
11246,0
18423,0
11022,0
35491,0
19927,0
24648,1
2079,0
27933,0
16726,0
10288,0
12466,1
27705,0
27062,0
13759,0
2064,1
42486,0
48748,1
8033,0
45009,0
47944,0
42532,0
958,0
1504,0
18254,1
28228,0
17703,1
2788,1
16979,1
4500,0
43227,0
1988,0
10527,1
41275,1
13521,0
19000,1
48664,0
17577,0
21069,1
48190,0
5045,0
8035,0
5092,0
11646,0
16385,0
34775,0
12007,0
12534,0
46758,1
22150,0
19301,0
15345,0
22221,0
23618,1
15258,0
35769,0
10715,1
24839,0
42069,1
43790,0
14690,0
38558,0
25443,0
24342,1
20836,0
5137,0
28356,1
34819,0
26193,0
20287,0
26177,0
1840,0
2106,0
45863,0
46615,0
7796,0
7996,0
39205,0
13244,0
31119,0
47216,0
8070,1
15731,0
7457,0
48670,0
41971,1
644,1
24541,0
34843,0
38007,0
18482,1
13563,0
43348,0
13994,1
41932,0
25081,0
27133,0
45311,0
33621,0
29249,0
41237,0
33165,0
36554,0
22581,1
20302,0
19079,0
41689,0
4607,0
5639,1
34629,0
48007,0
40734,1
16103,0
40687,0
37124,0
42590,0
11166,1
24367,0
40044,0
557,1
15776,0
33310,1
3003,0
44553,0
2650,0
32368,0
31926,1
23572,1
39354,0
5908,1
15772,1
9878,1
37908,0
30765,0
44995,0
23843,1
34584,0
5692,1
28116,0
36123,0
20861,0
11714,0
16530,1
6699,0
10491,0
44389,0
28856,0
12868,0
22037,0
41532,0
1805,1
32862,0
44192,0
44474,0
39643,0
20734,0
38078,1
13353,1
31801,0
18438,0
31497,0
9772,0
26081,1
43092,0
14867,0
31447,0
37784,0
20719,0
11421,0
15771,1
2016,1
2689,0
11752,0
48435,0
44868,0
24421,1
35058,0
2943,0
37982,0
6983,0
36419,0
5857,0
31365,0
35178,0
46569,0
41443,0
40226,0
8029,0
23721,0
1785,0
29765,1
28907,1
3384,0
37430,0
32728,1
44920,0
42297,0
6789,1
20191,0
42214,0
28635,0
37147,1
1069,1
5418,1
11316,0
13950,0
38302,0
21802,0
11750,0
14984,0
48052,0
32206,0
31321,0
22772,0
7463,0
35377,0
14176,0
11586,0
42168,0
48740,1
17946,0
28854,0
8285,0
21742,0
12060,1
11456,0
27207,0
1245,0
44494,0
4250,0
794,0
34704,0
8855,0
1608,0
5686,0
44740,0
15552,0
46334,0
30020,0
10735,0
951,0
25270,1
18335,0
31091,0
40913,1
41620,0
34178,0
20957,0
220,0
48707,0
18608,0
40295,0
36318,0
41470,0
2900,0
3930,0
24926,0
1478,1
44146,0
45399,0
27485,1
30841,1
19350,0
35172,0
34266,0
39420,0
39307,0
2170,1
45903,0
7175,0
23490,0
44862,0
38218,0
19221,0
21670,0
46286,0
10112,1
48483,0
13409,1
10354,0
17217,0
1027,0
10533,0
15377,0
11788,0
13698,1
8925,0
8250,0
46308,0
35854,0
13595,0
6991,1
2864,0
6395,0
40097,1
39707,0
13302,1
8637,0
35476,0
15350,0
36615,0
32291,0
37577,0
37153,0
45507,0
5422,1
15135,0
18568,1
3558,0
21130,0
41928,0
7736,0
34559,0
9688,0
22724,0
48431,0
25416,0
34032,0
4204,0
39068,0
46920,0
10255,0
30571,0
43258,0
656,0
45027,0
1646,0
10582,0
24362,0
48110,1
28267,0
13206,0
26171,0
40450,0
9298,0
23944,0
22805,0
38640,0
7161,0
46991,0
24296,0
28010,0
12627,0
42144,1
26661,1
7905,1
18469,0
20006,1
7467,0
42496,0
36040,0
33106,0
2686,0
36387,0
25307,0
5545,0
23849,0
33703,1
35458,0
1852,0
5261,0
26369,0
25999,0
42838,1
15553,0
7121,0
41670,0
2278,0
29728,0
18340,0
36239,0
23900,0
6357,0
35274,0
44527,0
37346,0
29095,0
46142,0
11199,1
39125,0
10508,0
27317,0
37450,0
43629,1
29979,0
38712,1
28829,0
29077,0
17428,0
22744,0
42251,0
16493,0
39928,0
39850,0
15986,0
20250,0
37650,1
37688,1
38904,0
28065,0
16078,0
17213,0
12563,0
15945,0
36247,0
2875,0
34770,0
47673,0
15396,0
22055,0
10848,0
31564,0
42632,1
44061,0
45192,1
33510,0
35556,0
46062,1
16741,0
1154,1
11689,0
2970,0
13099,0
2647,0
35932,0
45383,0
27791,0
10656,0
14515,0
13528,0
15602,0
14206,0
10634,1
18910,0
45242,0
22412,0
1464,0
7276,0
18141,1
31414,1
40385,0
31752,1
26792,0
6190,0
16425,0
27561,0
34996,0
14801,0
33663,0
28860,0
19252,0
35044,0
20094,0
15850,0
35175,1
47886,0
37631,0
43076,0
12472,0
24964,1
39422,0
11255,1
45870,0
24550,0
12994,0
38672,1
13289,0
28734,1
15800,0
47692,0
39385,0
28440,0
40688,0
37960,0
27320,0
16787,0
22367,0
28671,0
32106,0
31886,1
19590,0
30465,0
44720,1
26604,0
39081,0
21771,0
23320,0
2915,1
32268,0
44673,0
46045,1
36935,0
34780,0
37617,0
46980,0
3400,0
14357,0
19950,0
34661,0
37822,1
22716,0
44300,0
34377,0
7521,0
12052,0
9175,0
33357,0
44952,0
25954,0
5987,0
25921,1
37309,1
6445,0
6406,0
44308,0
5925,0
20900,0
39128,0
47860,1
48592,0
12120,0
32431,0
45646,0
4217,0
47887,0
23107,0
43945,0
1948,0
44423,0
4680,1
8150,0
48612,0
18076,0
39315,0
13112,0
33423,0
14406,1
33580,0
17721,0
13789,0
13748,1
26646,0
8810,0
12880,0
9024,1
46049,0
40802,0
19416,1
14047,0
36601,0
25782,0
20469,0
2042,0
44755,0
23657,0
22252,0
35524,0
41567,0
41174,0
2524,0
18597,0
1534,0
37257,0
1782,0
5807,0
46642,0
35930,0
4628,0
42374,0
9789,0
42923,0
17038,0
32071,0
8381,0
39017,1
22631,1
15001,1
38212,0
18755,1
18086,0
9466,0
24001,0
14800,0
11765,1
32628,0
19477,0
33295,1
41088,0
31663,0
2235,0
8321,0
17962,0
16950,0
17441,0
8385,0
21620,0
43764,0
19138,0
12729,0
38357,0
37285,1
39685,1
47894,0
41273,0
3851,0
30236,1
30084,0
6345,0
35816,0
42545,0
38761,0
10094,0
34969,0
1647,0
31711,1
42847,0
45,0
12400,0
43183,0
15782,0
21942,0
6140,1
28237,1
42680,0
11203,0
41575,0
46160,1
18576,0
22004,0
6877,0
19125,0
28001,0
4212,1
42688,0
39822,1
23393,0
2196,1
8213,0
12209,0
45121,0
39018,0
14881,0
1732,1
12072,0
11648,1
33718,1
44085,0
30186,0
20567,1
12484,0
11490,0
9608,0
29849,0
17633,1
18662,0
37415,1
28203,0
13686,0
44417,0
722,1
31127,0
15455,1
37578,0
6380,0
2862,0
30206,1
48669,0
29137,1
5949,0
28849,1
32125,0
41547,0
36804,0
14141,0
45334,0
8817,0
11077,0
1719,0
24226,1
27573,0
34649,0
41531,0
32460,0
2920,0
21776,1
42594,0
43550,0
10184,0
32523,1
43090,0
27998,0
1277,0
29545,0
25602,0
33049,0
46986,0
39421,0
34913,0
33208,0
10711,0
12226,0
45622,0
32252,0
38047,0
29660,0
40008,1
19645,0
33561,1
24720,0
36857,1
4896,0
14817,0
25055,0
25308,0
22593,0
957,0
39146,0
44188,0
21532,0
2207,0
44722,0
41923,1
1834,0
4579,0
36566,0
43504,0
35791,0
39100,0
12959,0
31834,1
32809,1
40363,0
21654,0
3734,0
186,0
23738,1
37915,0
16331,0
48485,1
30383,0
11961,0
28099,0
11678,0
36022,1
3884,0
15341,0
38303,0
37160,0
8327,0
47006,0
5256,0
27654,0
11956,0
5412,1
31892,0
44666,0
33947,1
3431,0
43801,0
41905,1
5107,0
28984,0
43704,0
23454,0
22628,0
21337,0
33986,0
39239,0
1578,0
34791,0
41986,0
42353,0
32974,0
2522,0
36288,0
21687,1
6637,0
11614,0
39945,1
15976,0
8730,0
18019,0
9587,1
9131,0
34540,1
34040,1
24176,0
9102,0
36281,0
35770,0
43897,0
21183,0
26986,0
35004,1
22678,0
38697,0
28579,0
32965,0
18744,1
33289,0
18815,0
8308,0
15474,0
3286,1
5031,0
40621,1
7497,0
16914,1
14590,1
25979,0
46028,0
46785,0
32236,1
20527,0
12458,0
12494,0
39616,0
25333,0
2335,1
40397,0
13986,0
33612,1
10282,0
18078,0
36575,0
41856,0
2863,0
13661,0
7138,0
20515,0
29418,0
17684,0
18825,0
20065,0
32584,0
38413,0
12166,0
4848,0
1423,0
31163,0
1146,0
45178,1
22074,1
22646,0
39011,0
11941,0
1263,0
3567,0
24002,0
18338,0
12892,0
38679,0
42877,0
46009,0
45372,0
15869,0
35160,0
43617,0
45463,0
19059,0
31023,0
27517,0
43378,0
37207,0
12570,0
8117,0
22316,0
33865,0
32613,1
1293,1
40935,0
29942,1
26014,1
22503,0
41906,0
41655,0
13382,1
38773,0
47506,0
43079,1
44309,1
21088,1
5038,0
8112,0
4758,0
26267,0
3769,0
8494,0
1302,0
14071,0
36017,0
18722,0
16168,0
44037,0
29677,0
14583,0
36759,0
17332,0
7639,1
7674,0
17663,0
35874,0
30753,0
41309,1
39353,0
3183,0
41767,0
28594,0
43402,1
11673,0
45827,0
16353,0
45275,0
48488,0
322,1
46655,1
16289,0
7710,0
9559,0
23628,0
44102,0
27416,1
25544,0
7994,0
8183,0
26447,1
7240,0
17046,0
42197,1
40976,0
20195,1
16614,0
45580,0
40100,0
39962,0
6014,0
13624,0
1314,0
6349,1
18231,1
10522,0
39919,0
37446,0
23626,0
43289,1
5286,0
38105,0
5602,0
21427,0
14892,0
18303,1
21576,0
16233,0
7600,0
18781,0
32834,0
43964,0
16820,0
6295,0
14272,0
37795,0
9499,0
43959,0
28797,0
14792,0
36880,1
3651,0
2570,0
41909,0
16410,0
28016,0
10541,0
7273,0
4512,0
38485,0
8955,0
45693,1
36840,0
18985,0
40929,0
5093,0
23862,0
2584,0
40135,0
39339,0
12471,0
21690,0
18641,0
36642,0
39632,0
37620,0
4466,1
8054,0
46203,0
38079,0
47440,0
41251,0
28826,0
17526,0
45536,0
29864,0
23830,0
14160,1
21249,1
35660,1
25985,0
3260,0
44846,0
7576,0
31999,0
35957,0
44534,0
23978,0
46927,0
1954,0
10064,0
5612,0
34625,0
46891,1
42241,0
46946,1
8295,0
41211,0
15401,0
47357,0
22373,0
12805,0
30515,0
39459,1
15567,1
1164,0
5544,0
21311,0
48138,0
16989,0
30541,1
4561,1
46612,0
28808,1
21839,0
19028,0
7956,1
6666,0
33859,0
33910,0
46787,0
48451,0
45712,0
24858,0
48065,1
6073,1
37174,0
11415,0
14135,0
8769,0
48077,1
37323,0
37082,0
1814,0
38829,1
29160,1
20126,0
38309,0
43865,0
38535,0
34741,1
28377,0
25017,0
37088,1
33619,1
40644,0
34772,0
27208,0
16833,0
6710,0
30130,0
19747,0
4460,0
16610,1
48200,0
6976,1
31733,0
19657,0
59,1
46407,0
6476,0
20208,0
42663,0
12244,0
7593,0
26492,0
16436,0
30904,0
9585,0
8001,0
46083,0
25641,1
33078,1
19568,0
3626,0
9743,0
36196,0
40759,0
2630,0
25095,0
23045,1
42134,0
10456,1
35704,0
11810,0
20236,0
32476,0
16996,0
36329,1
20148,1
10904,1
35510,0
2860,0
15085,0
41739,1
21404,0
4160,1
22500,0
16453,0
19513,0
23745,0
35594,0
37523,0
18958,0
9996,0
9001,0
22075,0
38127,0
20343,0
38794,0
25649,0
24161,1
15375,0
14318,0
12191,0
48453,0
44466,0
29416,0
11372,0
28262,0
46263,1
19400,0
23979,0
12421,0
6530,0
44328,0
378,0
8288,0
24934,0
13178,0
22438,0
8478,0
6890,1
22671,0
39051,0
37675,1
37509,0
41161,0
37146,1
48794,0
27516,0
35576,0
17796,1
23762,0
18914,0
47714,0
19754,0
1074,0
21729,0
35976,0
37467,1
8571,0
26253,0
2747,0
10990,0
1125,0
11805,1
42394,0
8613,0
29457,0
32066,0
9646,0
10419,0
1459,0
22335,0
47553,0
27692,1
33061,0
5056,1
28240,0
21132,0
43601,0
23590,0
38921,1
38896,0
18458,0
14880,0
26545,0
10109,0
32289,0
39814,0
37367,0
210,0
47573,0
19572,0
30171,1
21990,1
37889,0
20452,0
17940,0
5511,1
44734,1
33069,0
33581,0
25848,0
40987,1
16079,1
19225,0
37348,1
23039,0
5129,1
39782,0
31170,1
6229,0
7772,0
38575,1
14859,1
36285,0
10985,0
4167,1
30565,1
25096,0
35198,1
44935,0
19454,0
32371,0
34866,0
29306,0
23428,0
34611,0
44974,0
8079,0
33396,0
29392,0
20240,0
39952,0
30977,1
17268,0
33119,0
2003,0
17499,0
9706,0
7237,0
22532,0
28148,0
5600,1
18000,0
27082,0
24940,0
2257,0
28654,0
38827,0
15206,0
2558,0
8765,0
19605,0
33413,0
42803,0
14242,0
7536,0
11869,1
15072,0
25892,1
31963,0
42681,0
29278,0
7528,0
33566,0
14512,0
542,1
22715,0
17978,0
47564,0
35632,1
17823,1
41704,1
36550,1
18801,1
21504,1
23025,0
46590,0
30633,0
27277,0
10237,0
43667,0
15489,0
34687,0
22729,0
1268,0
6284,0
21174,0
33054,0
31364,0
43554,0
42918,0
9127,0
4118,0
39097,0
28062,1
47481,0
17841,0
15578,0
41499,0
32535,0
39771,0
28778,0
8851,1
30014,1
46658,0
4741,0
528,0
10223,0
33463,1
38959,0
23305,1
21761,1
12653,1
6367,0
27899,0
16592,0
30286,1
21718,0
48419,0
11078,0
40398,0
8338,0
21721,0
14659,0
8931,0
38242,1
43722,0
17303,1
10085,0
4734,0
3331,1
35410,0
33325,0
37531,0
30922,0
35539,1
820,0
45873,0
27459,1
10326,0
33778,0
3611,0
25327,0
9637,0
42067,1
33514,0
27768,0
12271,1
26332,0
44015,0
27175,0
18337,0
42424,0
2135,1
30058,0
22114,0
16389,0
8147,0
24901,1
29523,1
26239,0
107,0
17362,0
15187,0
25458,0
30137,1
37294,0
46259,1
19009,0
24760,0
3895,0
45305,0
42019,0
1851,0
40848,0
41335,0
23419,0
10754,0
13957,0
44068,0
654,0
8682,0
43703,0
16309,0
37636,0
47577,1
16635,0
15631,0
14404,0
7351,0
3086,0
41373,1
6138,0
22452,0
10036,0
5928,0
47085,0
3662,0
11865,1
35350,1
1431,0
12381,0
36184,0
14709,1
14368,0
21397,0
4437,0
48051,0
29697,0
36590,0
14175,1
48751,0
22505,0
22048,0
1399,0
12385,0
27799,0
20822,1
19253,1
12764,0
39190,0
37699,0
29361,0
35835,0
35893,0
1256,0
40994,0
48739,1
45960,0
31418,1
44913,1
8754,0
34549,0
90,1
22989,0
15566,0
7443,0
3756,0
25298,1
16587,0
13771,0
12619,1
33443,0
39149,1
27160,0
25831,0
9415,0
5295,0
24234,0
31028,0
42347,1
32053,0
17660,1
32506,0
27670,0
34437,1
36340,0
22906,0
935,0
40801,0
40680,0
18628,0
5304,0
13166,1
363,0
45331,0
5331,0
36866,0
5161,1
32748,0
43277,0
13758,1
8928,0
46554,0
35736,0
12705,0
15780,1
26740,0
19650,1
38356,0
39950,0
34762,0
8770,0
30736,0
48397,0
47627,0
42969,0
12479,0
15166,0
31515,0
20554,0
33569,0
14875,0
40419,0
397,1
46218,0
3503,0
23919,0
25289,0
31313,0
19502,1
37809,1
35313,0
35256,0
26766,0
37854,1
21407,0
37649,1
24757,0
8520,1
39321,0
25850,0
15955,0
2328,0
7660,1
25462,0
20178,0
40829,0
29046,0
35617,1
40636,0
48365,0
13524,0
23901,0
44488,0
33389,0
28102,0
24533,1
12377,0
32110,0
10538,0
31253,0
11097,1
38811,0
34518,0
27811,0
45022,0
8974,0
42840,1
39982,0
19959,0
4786,1
12671,0
24869,0
31400,1
36354,0
1918,0
9187,0
32927,0
9475,0
46408,0
4820,0
46906,0
47679,0
33186,0
2215,0
26840,0
32414,0
2879,0
6843,0
16529,0
14744,1
35188,1
43062,0
35679,0
46405,1
46168,1
25100,0
39941,0
45020,1
30345,1
22131,0
36398,0
23608,0
15905,0
43972,0
32738,0
7147,1
11066,0
39737,0
44774,0
26842,0
4399,0
22496,0
6691,0
45793,0
36163,0
38512,0
29643,0
7453,0
35116,0
31082,1
7864,0
34955,0
47098,0
32336,0
36732,0
26802,0
33340,0
43952,1
19831,0
23513,0
22146,0
20021,0
16776,0
20192,0
648,0
21094,0
25977,0
35880,0
8915,0
33236,0
13142,0
7477,0
40253,0
47731,0
36008,0
37114,0
32362,0
14129,0
40820,0
24851,0
48725,0
9092,0
44170,0
34854,0
13403,1
43815,0
1772,0
38077,0
48792,0
45841,0
19633,0
28468,1
25227,0
25038,0
46109,0
2991,0
3981,0
5003,1
31494,0
18322,0
15014,0
3810,0
9006,0
17083,0
6402,1
29125,1
24463,0
7190,0
35202,0
9144,0
11528,0
41316,0
46356,0
48095,1
36287,1
39052,0
43404,1
9555,0
3178,0
19915,0
811,0
33582,0
47730,1
18896,1
25716,0
26949,1
39195,1
25254,0
41666,0
36147,0
25243,0
16167,0
2420,0
15587,0
42340,0
32642,0
6671,0
43466,0
1381,1
21720,0
3079,0
7021,0
23779,1
40119,0
41009,1
15189,0
47117,1
33725,0
25459,0
35813,0
20068,1
24787,0
34820,1
44937,0
47696,0
38111,0
4381,1
42718,0
12001,1
44331,0
35117,0
23587,1
208,0
21843,0
25063,1
3603,1
45974,0
35295,0
22209,0
45994,0
45718,0
17450,0
33504,1
22349,0
36504,1
24474,0
11565,0
43637,0
29590,0
7713,0
32664,0
48163,0
43452,0
3256,0
14499,0
18724,0
42397,0
6650,0
32133,0
39517,0
43128,1
5006,0
33799,0
44949,0
35199,1
15406,0
42935,0
39524,0
6412,0
30280,0
39364,0
17056,0
39888,0
3184,0
12130,0
29478,0
34622,0
19625,1
7459,0
47681,0
23462,0
5521,0
39181,0
17757,0
9049,0
48653,0
11537,1
13223,0
5344,1
29749,0
29825,0
7785,0
23453,0
47526,0
31249,0
11828,1
45633,0
29287,1
46774,0
24789,0
46808,0
12205,0
33623,0
29149,0
45713,1
33032,0
30334,0
38274,1
41449,0
35180,1
42321,0
24662,0
34394,1
2737,1
34869,0
385,0
37887,1
42723,0
19220,0
42299,1
10598,0
19395,1
16287,1
6446,0
1126,0
20312,0
196,0
42577,0
16437,0
2895,1
4599,0
48688,0
4889,0
4287,1
4622,0
35740,1
1623,0
17898,1
34658,0
48577,0
33786,0
29843,1
7046,0
23624,0
39621,0
13480,0
23946,0
24301,0
29456,0
2062,0
36397,0
5498,0
15899,0
24598,0
18752,1
41003,0
5704,1
45159,1
26261,0
8533,0
39467,0
42878,0
20122,0
16893,0
43577,0
19982,1
36846,0
13910,0
46516,0
29187,0
11500,0
28572,0
30583,0
5703,0
36442,1
2603,0
21619,0
41888,0
18144,1
17028,1
13875,0
40590,0
21665,0
38757,1
41051,0
28297,1
13,0
15988,0
22676,0
5234,0
16489,0
44006,0
41783,1
2230,0
23336,0
1036,0
47097,1
10515,0
32666,0
34268,1
31011,0
7826,0
30628,0
19875,1
36786,0
39967,1
19588,0
46080,0
16413,0
7920,0
27129,0
22803,0
8696,0
5244,0
8191,0
12232,0
36522,1
46067,0
35070,0
39624,0
23350,0
23184,0
23019,0
15967,0
22969,0
499,0
36888,0
15672,0
18529,0
12507,0
36787,0
30650,0
2183,0
33000,0
2046,1
7753,0
11696,0
44374,0
7770,0
35012,0
23740,0
4104,0
21364,0
40325,0
22069,0
7149,0
31462,0
10570,1
30037,0
32162,1
46272,0
2411,0
536,1
14041,1
16478,0
31233,0
1637,0
41350,0
35422,1
32515,0
19410,0
33200,1
44409,0
12426,0
15865,0
4871,0
5016,0
45209,0
15170,0
42139,0
21628,0
32565,0
94,0
16947,0
21348,1
44002,0
13492,0
13449,0
48537,0
11726,1
14326,0
3879,1
11557,0
45515,0
35444,0
27131,1
31150,0
47228,0
11582,0
34511,0
10275,0
15153,0
14412,1
18732,0
2799,1
18971,0
8775,1
620,1
26032,0
46143,0
14516,1
12986,0
7272,0
35100,0
46033,0
14122,0
25187,0
24423,0
20927,0
39476,1
7300,1
19807,0
31015,1
21014,0
37530,0
29514,0
40141,0
26418,1
39380,0
13402,0
41494,1
26908,0
32420,0
20468,0
7202,0
41033,0
19363,0
1897,1
30587,0
33138,0
29992,0
33907,1
34160,0
24033,0
24393,0
25908,0
27860,0
20494,0
4219,0
30528,0
45101,1
13414,0
24657,0
25253,1
30767,0
44107,1
18929,0
20917,0
11855,1
9271,0
3515,0
15699,0
40931,0
13632,1
47841,1
10203,0
32043,1
176,0
8389,0
36046,0
461,0
20855,0
44714,1
27385,1
14087,1
46570,0
601,0
12010,0
6322,0
31290,0
2540,0
46019,0
10376,0
37408,0
14275,1
44728,1
38861,0
3119,0
39874,0
16973,0
27005,0
20403,0
14303,0
8394,0
4275,0
34737,0
31710,0
24831,0
46574,0
36773,1
31609,0
1299,0
24972,0
6742,1
16047,0
5846,0
27508,0
19748,1
11900,1
32945,1
36805,1
33264,0
24674,1
2125,1
47002,0
7901,0
17233,1
7488,0
45051,0
4144,1
16564,0
43878,0
26897,0
8573,1
2067,0
33540,0
17465,0
40727,0
28483,0
12320,0
10145,0
29437,0
42404,1
12899,0
18046,1
41976,1
5200,1
43398,0
26482,0
44057,0
7508,1
23863,0
7537,0
36824,0
15996,0
22888,0
21612,0
22498,1
33224,0
4612,0
36964,0
41246,0
15810,0
28946,0
44591,0
26662,0
22160,0
30284,0
39677,0
38908,0
365,1
26326,0
47657,0
35666,0
20715,1
23800,0
10028,1
43376,0
10157,1
33712,0
34289,0
5468,1
43665,0
3197,0
31393,1
418,0
3868,0
36449,0
7338,0
18008,0
19231,0
47993,0
18270,0
43448,1
6827,0
32783,0
16875,1
8717,1
34493,0
15276,0
17210,0
9447,1
14200,0
18817,0
4146,0
47780,0
41822,1
15523,1
18587,1
41819,0
41708,0
23111,0
19303,1
25545,0
43024,1
25138,0
8176,1
40430,0
32013,1
27856,0
6104,1
36167,0
29549,1
29967,0
30602,1
8941,0
18062,1
29352,1
10901,0
40427,0
120,0
31472,1
32634,1
7377,0
42038,0
5055,1
3463,1
7349,0
29993,0
32559,0
40981,0
8401,1
44539,0
15230,0
26198,0
1025,0
19669,0
33371,0
12547,0
21915,0
38950,1
28947,1
3066,0
29097,0
25010,0
43093,0
41062,1
38890,0
26349,0
19216,0
36608,0
9132,1
24734,0
37542,0
9159,1
17706,0
27418,0
29506,0
28993,1
13651,0
17673,0
13527,0
48418,0
33191,1
1989,0
28571,0
10186,1
39565,0
44046,1
20174,1
26734,0
42086,0
33996,0
494,0
34298,0
38699,1
28538,0
45583,0
33311,0
2733,0
47587,0
29764,0
17206,0
13272,0
41748,0
4770,0
25695,0
45282,0
10746,0
1060,0
39678,0
45265,0
25859,0
47363,0
31928,0
16046,0
33919,0
31456,0
38071,0
19082,1
2188,0
37853,0
9087,0
8596,0
4837,0
19710,1
3305,1
41179,0
8706,1
41008,0
46492,0
38518,1
13842,0
26338,0
12292,1
37943,0
31701,0
16245,1
21057,0
47683,0
9960,1
16604,0
46391,0
18634,1
198,1
4242,0
31957,0
34494,0
11509,1
46733,1
46839,0
13905,0
25383,0
34902,0
286,0
1690,1
15624,0
6146,0
30440,0
1969,0
25787,0
30861,1
17260,0
31453,0
19863,0
27999,1
10565,0
43342,0
6434,0
41387,1
9346,0
38128,0
45540,0
6005,0
35590,0
30810,0
25675,1
25520,0
15159,0
41604,0
35343,0
32784,1
18734,0
35332,0
33740,0
16711,1
21145,1
22594,0
42089,0
5687,0
2774,0
17619,0
14718,0
45610,1
1899,0
762,1
29357,0
4497,0
6770,0
9378,0
25744,0
5119,0
18211,0
7044,1
22980,1
5978,0
9235,0
13635,0
31417,0
46177,0
47932,0
10663,1
36520,0
25207,0
33650,1
12384,1
16372,1
12585,0
29339,0
12356,0
33031,0
502,0
24254,0
3833,1
42856,0
24864,0
29721,0
9190,0
28802,0
5110,0
20106,0
34574,0
11598,0
32075,0
22771,0
9196,0
36940,0
42971,0
22033,0
43680,0
2157,0
14907,0
31715,0
1747,0
39248,0
872,0
37135,1
30498,0
14363,0
31725,0
8842,0
42217,0
44355,0
11160,0
36619,0
23971,0
46341,0
3433,0
37132,1
18496,0
21899,0
39036,1
24867,0
18291,0
7011,0
9604,0
17223,0
20048,0
160,0
47159,0
14436,0
22745,0
35375,0
17068,1
5499,1
4184,0
1284,0
32129,1
17912,0
377,1
38140,0
5343,0
27506,0
47153,0
31912,1
31589,0
37053,0
23272,0
26870,0
9176,0
12813,0
20562,0
11984,0
43261,1
12049,0
8410,1
15541,0
33479,0
43555,0
2358,1
48099,0
37491,0
13186,1
11954,0
20271,0
24889,0
18636,0
8169,0
23902,0
18683,0
10850,0
37435,0
41156,1
17846,0
15862,0
750,0
43056,0
38028,0
28842,0
15031,0
10925,0
6191,1
10568,1
22804,0
21333,1
25220,0
22893,0
14118,0
20945,1
41487,0
24159,0
42017,0
18541,0
25853,0
44096,0
15032,0
19285,0
25965,0
33689,0
25047,0
5735,0
41125,0
28443,0
46798,0
6689,0
45276,0
18862,0
6397,0
25048,0
24685,0
16162,0
3014,0
2685,0
10124,0
47428,1
5210,0
36558,1
39574,0
17785,1
48741,0
18939,0
44475,0
44653,1
13830,0
42435,0
9671,0
19804,0
10870,0
42074,0
20922,0
45629,1
36028,0
45548,1
17040,1
37684,0
44793,1
3635,0
7102,0
32121,0
12481,0
22344,0
1940,0
10093,0
31279,1
27920,1
10495,0
32771,0
38351,0
7319,0
3809,0
40691,0
26633,0
14556,0
9717,0
34387,0
5661,0
47705,0
5205,0
23552,0
10410,0
43386,0
43202,0
10347,1
8911,0
42088,0
41812,0
29751,0
37678,0
5365,0
1160,0
47124,0
23331,0
44317,0
17602,0
47009,0
37486,0
19841,1
20257,0
31672,1
13617,0
14779,0
39790,0
17800,0
43481,0
25871,1
1842,0
14602,0
6719,0
20222,0
10267,0
1541,0
36699,1
42322,0
8203,0
33461,1
26955,1
43978,0
22847,0
4273,1
9543,0
17770,0
47213,0
1410,1
45188,0
44598,0
24414,0
15096,0
37158,1
14717,0
32640,0
21473,0
9730,0
43385,0
19064,0
43942,1
2094,0
28570,1
35985,0
4438,1
30233,0
46521,1
21505,0
1472,0
38000,0
22005,0
38500,0
24744,0
45913,0
42595,0
24284,0
30341,0
24134,0
8473,0
21453,0
36372,0
11222,0
35644,0
12448,1
3273,0
2941,0
27374,1
45120,0
26456,0
16055,0
44295,0
41442,0
42910,0
10943,0
39428,0
27616,1
46005,1
8075,0
40085,0
28819,0
10258,0
21363,0
34999,0
33414,0
10058,0
23895,0
3553,0
44209,0
33059,0
5753,0
7726,1
40083,0
18068,1
22313,0
8935,0
28967,1
22582,0
37881,1
26609,1
253,0
17009,0
39736,0
14453,0
35266,0
8477,0
21122,0
11023,0
26188,1
32186,1
28926,1
36873,0
2307,0
2262,0
46377,0
38760,1
5293,0
22497,0
38065,0
22138,1
31695,0
22578,0
24578,0
1203,1
38687,0
11392,0
26793,0
10170,0
28706,0
15600,0
39493,0
23597,0
40198,1
17886,0
8052,1
48624,0
1864,0
16960,0
6998,1
17287,1
43016,0
11014,0
48333,0
22743,0
955,0
28968,0
32132,0
1321,0
48196,0
2533,0
37252,0
23252,0
30719,1
10518,0
9636,0
12620,0
24187,0
25124,0
26944,0
14452,0
29788,0
355,1
45747,0
1442,1
22767,0
21664,0
27408,0
36978,0
37554,0
5772,0
22683,0
6304,0
29960,0
42637,0
42806,0
41441,0
23249,0
45122,0
1473,1
15535,0
4101,0
2999,0
31768,0
46813,0
31134,0
11369,0
13589,0
40514,0
14060,0
47252,0
24040,0
7018,1
29896,0
17328,0
24377,0
40641,0
38344,0
282,0
7066,0
27524,0
44773,0
10887,0
31810,1
35715,1
25245,0
17310,0
34259,0
46904,0
33132,0
5357,1
36020,0
5280,1
7607,1
7420,1
9139,1
48372,1
15296,0
37019,0
29467,1
35247,0
21455,1
16238,1
46184,1
17030,0
7530,0
85,0
46285,0
39932,0
39688,1
2878,0
24749,1
35866,0
5165,0
39614,0
26103,0
23845,0
11712,0
33452,0
43153,1
10396,0
35702,0
2549,0
29797,0
15635,0
21660,0
25218,1
4115,0
27025,0
30584,1
14599,1
23295,0
3324,0
45698,1
28473,0
24973,0
16883,0
37816,0
20040,1
37372,0
46481,0
23246,0
35753,0
21217,0
30103,0
8525,0
46406,0
31517,0
28424,0
22100,0
9610,0
13037,0
30327,1
11505,0
7367,0
7150,0
19289,0
17404,0
41664,0
1748,0
26702,0
29181,0
19714,0
504,0
48219,0
4739,0
15091,1
15829,0
39311,0
32168,0
7550,0
38219,0
16104,1
35447,0
44388,0
17357,0
23445,1
21089,0
24380,0
4667,0
16468,0
46714,0
13218,0
23795,0
31299,0
19619,1
27730,0
45694,0
34341,0
46816,0
30654,0
31009,0
7525,0
42050,0
3436,1
26774,0
3526,0
995,1
29678,0
41425,0
10945,0
9137,0
38573,0
24,0
33475,0
18022,1
3947,0
44276,1
325,0
5689,0
4341,1
21870,1
19745,0
12093,0
14612,0
5875,1
31833,1
27335,0
43707,0
27012,0
35474,0
19980,0
28310,0
3958,0
24884,0
1715,0
34892,0
34246,0
1189,0
28961,0
44073,0
5486,1
24641,1
25511,0
10765,0
2598,0
48673,0
41741,0
17061,0
40553,0
41190,1
36297,0
24791,0
15713,0
7738,0
43320,0
10346,1
24564,0
31767,1
37875,0
20574,0
18645,0
29351,0
16439,0
8733,0
8936,0
17780,0
19686,0
29256,0
46834,0
1482,1
6757,0
5227,1
40910,0
47919,0
44543,1
44259,0
3449,0
10514,0
29011,0
16189,0
19756,0
7260,0
4906,0
42058,0
35383,0
30298,0
5655,1
43387,1
15970,0
38099,0
2914,0
25660,1
44516,1
36260,0
25560,0
22920,0
23835,1
31846,0
19383,1
14938,0
27857,0
4503,0
33684,0
26053,0
26526,0
40482,1
43124,0
13321,0
32776,0
18639,0
42454,0
42436,0
36862,0
18436,0
37565,1
11699,0
32372,0
24480,0
2640,0
10896,0
4301,1
2902,1
24589,0
47862,1
4651,0
12968,0
32097,0
29537,0
43538,0
9939,0
39179,0
3258,0
33101,0
35960,0
25828,0
29220,0
27600,0
41541,1
38370,0
30472,0
19948,1
40906,0
6541,1
41401,0
6403,0
5299,0
36747,1
13920,0
26286,0
3696,0
13966,0
11137,0
47855,0
16294,0
48621,1
21706,0
628,1
38603,0
30597,0
13954,0
23052,0
37751,1
7532,0
35173,0
41690,0
24764,0
9458,0
30096,0
47818,0
41347,1
39383,1
40822,0
16455,0
30520,1
15472,0
35887,0
803,0
39139,0
25680,0
9372,0
44249,0
40361,0
7368,0
33180,0
47173,0
3070,0
13805,0
18540,1
21416,0
4973,0
15244,0
40877,0
15725,0
30246,0
28406,0
42759,1
29783,1
30067,1
41729,0
37398,0
32086,0
11842,0
17854,0
35404,0
48518,0
19919,0
8031,0
37985,0
44444,0
23497,0
2955,0
32088,0
46421,0
27407,0
631,0
38440,0
30195,0
28070,0
36838,0
22860,0
44203,0
37625,0
3077,1
4908,0
26608,0
30270,0
5523,0
28007,1
23789,0
18006,0
47743,0
19840,0
544,0
28365,0
33705,0
7557,0
14927,0
11241,0
32916,0
40505,1
32978,1
39715,0
4222,0
20115,1
31003,0
11871,1
33520,1
23494,0
9080,0
5855,0
13372,1
17795,1
5555,0
35713,0
11794,1
31465,0
3654,1
3630,0
43517,1
38840,0
35735,0
40770,0
21080,0
30293,0
4249,0
45279,1
24887,0
35577,0
23468,0
31383,0
36475,1
16826,0
28486,0
15884,0
12000,0
6634,0
14243,0
3915,0
47494,1
613,0
6808,0
16597,0
37676,0
30412,0
558,1
7598,0
22314,1
35593,0
24171,0
3806,0
38741,0
15400,0
15106,1
21982,0
21603,0
8376,0
15766,0
31640,0
16761,0
9274,0
31948,1
45984,0
47630,0
33063,0
12553,1
32797,0
46305,0
26628,0
24072,0
6257,0
14909,0
29880,1
32730,0
9734,0
35008,0
36571,0
29200,0
37655,0
2742,0
10241,0
15793,0
9019,0
3842,0
2350,0
29041,0
2718,0
26935,0
18901,0
44554,1
38823,0
15368,1
12101,0
4149,0
20137,0
42380,1
9973,0
46956,1
10472,0
47715,0
2446,1
42281,0
10694,1
30834,1
33668,0
43221,0
26928,0
6866,0
7968,0
13405,0
48267,0
16965,0
45578,1
32355,0
14194,1
32416,0
23783,1
43877,0
33628,1
45979,0
14478,0
17631,0
21246,1
13109,0
10727,0
37455,0
14660,0
8892,0
21190,0
18040,0
45814,0
16710,0
19883,0
6102,0
35865,0
35472,0
23987,0
33344,0
9312,0
41120,0
2555,0
48757,0
28633,0
36663,0
44501,0
46683,0
30940,0
4136,0
13610,0
24021,0
8648,0
33747,0
35077,0
16108,0
43455,0
17492,1
27916,0
17467,1
44027,0
1099,1
41210,0
6196,0
5826,0
24022,0
17469,0
30763,0
27212,0
21304,0
47783,0
43394,0
18715,1
12013,0
6413,0
8663,0
43781,1
4583,0
43015,0
33887,0
16180,0
9746,0
38396,0
19829,0
18197,1
18072,0
24908,0
5658,0
42870,0
37376,0
21054,0
39064,0
18754,0
7977,1
13404,0
37539,0
22833,0
6686,0
7768,0
30213,0
8645,0
2383,0
11698,0
26762,0
14358,0
29118,0
9373,0
43892,1
7425,0
28426,0
48148,0
43161,0
1935,0
16817,0
22867,1
43591,0
18127,0
8807,0
28366,0
47280,1
9528,0
4991,0
22371,1
39400,0
20915,0
35130,1
21448,1
27912,0
16617,0
41998,0
8962,1
36892,1
35537,0
23746,0
30855,1
12509,0
31257,0
38529,0
18032,0
16003,0
39792,0
807,0
19594,0
17309,1
41000,0
9727,1
10744,0
36447,1
5621,0
7106,0
30660,0
20520,0
34527,0
39360,1
11563,1
47708,1
20079,0
19527,1
16187,0
9751,0
19743,0
16186,1
13087,0
7633,1
32407,0
12073,0
21454,0
45401,0
16743,0
39961,0
5032,0
15251,0
13259,0
8607,0
31728,0
45807,0
29663,0
47628,0
70,0
7183,0
7294,0
1119,0
14904,0
24152,1
14224,1
19213,0
35140,1
6149,1
9617,1
37498,1
1746,0
24082,1
39187,1
44009,0
2858,0
41244,0
45893,0
13575,1
30163,0
47101,0
32675,0
37312,0
21551,0
2144,0
15463,0
46898,0
41630,1
4571,0
29303,0
8713,0
43609,0
5002,0
48545,0
44918,0
19968,0
22171,1
25303,1
35297,0
14502,0
23930,0
1808,0
5421,0
21862,0
1400,0
44798,0
15478,0
20499,0
15992,0
45820,0
974,0
7195,0
19986,0
29377,1
24411,0
47420,0
43928,0
44281,0
14972,0
240,0
34438,0
6044,0
23686,0
4161,1
11579,1
24263,0
7143,0
33882,0
25790,0
40372,1
44545,0
33111,1
37694,0
556,0
965,1
11210,0
19118,0
40855,0
29177,1
21556,0
34380,0
35876,0
26913,0
19373,1
23488,0
22810,1
3836,0
19808,0
1994,0
21286,0
1078,1
24812,0
38835,0
34966,1
19184,0
15186,1
7151,0
41570,1
150,0
12296,0
11697,0
16663,0
32695,0
43095,0
10180,0
29860,0
3678,0
4252,0
2082,0
48461,0
2501,0
43900,0
28418,0
26830,0
42560,0
14573,0
25363,0
23470,0
21419,1
41036,0
47389,0
30676,1
37710,0
27163,0
20591,0
31341,0
32073,1
41140,1
34103,1
19762,1
19560,0
21026,0
21663,0
27671,0
14496,0
25463,0
16260,0
18532,0
10414,0
23781,0
2056,0
28209,0
37833,1
37273,0
46395,0
27598,0
31615,0
23605,0
36070,0
46711,1
24199,0
45947,0
39157,0
18810,0
39483,0
27288,0
30051,0
30101,0
32393,0
15277,0
39751,0
18844,0
42254,1
29801,0
28395,0
42306,0
41218,1
31876,0
20331,0
10158,0
4445,0
3024,0
9808,0
46428,0
43962,1
14344,0
15577,0
8562,0
38837,1
14850,0
7219,0
11909,0
30871,0
35525,0
5796,0
40540,0
13931,1
2638,0
27518,0
41680,0
35907,0
24969,0
13264,0
33406,1
5030,0
19402,0
10771,1
38960,0
33393,0
38943,0
29869,0
9191,1
40896,0
19169,0
47623,0
8556,0
25056,1
33358,0
506,0
14530,0
23545,1
45539,0
42684,0
26472,0
19734,0
18288,0
35465,0
6556,0
18415,0
36489,0
38991,0
4774,1
3914,0
20206,0
4332,0
2734,0
32049,1
1774,0
23716,0
19424,0
11454,0
10997,1
32480,0
37690,0
47116,0
37429,0
45482,0
36631,0
24247,0
36431,0
43992,0
11328,0
15627,0
13601,0
30371,0
30398,0
22318,0
5154,0
29250,0
34167,0
9514,0
9194,0
2730,0
13591,0
4827,0
3073,0
14298,0
48097,1
1367,0
35154,0
47972,0
5491,0
12721,0
2214,0
30885,0
10756,0
6396,0
618,0
29816,0
35599,0
6143,0
20177,0
46498,1
3395,0
44128,0
44758,0
46510,0
28037,0
45991,0
43245,1
7325,0
40623,0
32803,1
30854,0
559,1
40856,0
387,0
27348,1
17889,0
5710,0
14099,0
2421,0
37613,0
28649,0
13863,0
20854,0
15923,0
20907,1
33388,0
43325,0
9040,0
25251,0
15527,0
48102,0
38769,0
22058,0
47588,0
40356,0
34122,0
11517,0
33240,0
15501,0
44633,0
39378,0
46300,0
47336,1
15451,0
39323,0
36265,0
8864,0
25451,0
48568,0
6310,0
20429,0
4782,0
13930,0
26537,0
39580,0
31458,0
36812,0
44129,0
24687,0
12316,0
44512,0
29293,0
5911,0
18187,0
48432,1
22020,0
36864,1
37657,0
36219,0
5546,1
21493,0
10455,0
18245,1
35827,0
25902,0
3571,0
33041,1
32580,0
33965,0
12184,0
29897,0
10262,0
22124,0
15099,1
17219,1
34760,0
41128,0
5236,0
19920,0
41703,0
16308,0
3763,1
27269,0
30727,0
9188,0
48013,0
22546,0
40321,0
41941,0
1300,0
6131,0
30630,0
34933,0
37002,0
39801,0
18412,0
39198,1
8894,1
20383,0
5610,0
775,0
2544,1
6496,0
9871,0
46245,1
46251,0
7588,0
9747,0
21624,0
18506,0
7675,0
5399,0
10980,1
11314,0
12879,0
20959,0
3032,0
22667,0
19733,1
35209,0
7035,1
36584,0
22806,1
44212,0
31485,0
39416,0
24588,0
33660,0
2477,0
5243,1
31940,1
37593,0
29470,0
38289,1
41207,0
3193,0
45062,0
34150,0
21728,0
30002,0
34199,0
1995,0
1159,1
14024,0
24090,0
13004,0
7214,0
8258,0
46402,0
29083,0
13824,0
15346,0
46454,0
30039,0
9572,0
29564,0
38355,0
21134,0
11015,0
43795,0
13717,0
2437,0
7034,0
4765,0
25244,1
31141,0
22751,0
15664,0
27139,1
29631,0
852,1
44993,0
20394,0
12485,1
17164,0
6716,0
37830,1
34817,0
32553,0
11837,0
23129,0
9956,0
39484,0
35364,0
17059,1
8726,0
18903,0
1265,0
44411,1
38714,1
8821,0
35774,0
2001,0
46075,0
22996,1
27389,1
44816,0
19263,0
48336,0
22014,0
31942,0
1999,1
11453,0
6653,0
14863,0
14868,0
31736,0
29052,0
6207,0
346,0
48778,0
28789,0
42063,0
19324,0
5868,0
1376,0
14170,0
7831,0
26753,0
1942,1
35680,0
38833,0
22460,0
20808,0
40563,1
9202,1
1105,0
8627,0
20052,0
109,0
48342,0
12281,0
29362,0
18930,0
32111,0
3356,0
26616,0
47189,0
20639,0
15500,1
46685,0
1752,0
16226,0
24376,0
10911,0
11319,0
1946,1
26329,0
48616,0
47331,0
8780,0
27828,0
14052,0
46806,0
38153,0
37104,0
16161,0
42638,1
26748,0
7742,0
42564,0
46670,0
11167,0
4911,0
35734,0
36908,0
5050,0
40748,0
27299,0
29748,1
41908,0
32616,1
4677,0
437,1
5660,1
43297,0
43616,1
16008,0
33592,0
12159,0
46593,0
37547,0
13061,0
11488,0
32638,0
29871,0
42966,0
31554,0
38814,0
7838,0
32502,1
46600,0
12021,0
45518,1
23232,1
13876,0
1289,0
16841,0
2496,0
19326,0
28820,0
19799,0
29376,0
21766,0
45067,0
9451,0
9461,0
36682,0
40357,1
29735,0
20213,0
15752,0
26502,0
16538,0
46152,0
24553,0
42156,1
4395,0
37427,0
16374,0
3103,0
21046,1
32818,0
19318,0
33428,0
1759,1
15959,0
24782,1
15103,0
12210,1
1056,1
35871,0
31133,0
22079,0
8182,0
26893,1
15100,1
18938,0
17070,0
23611,0
3832,0
30669,0
37230,0
21476,0
27113,1
10409,0
39545,0
36882,1
12257,0
43450,0
9927,0
40205,0
18891,0
41379,0
924,0
32318,0
44387,0
46708,1
21769,0
944,0
23292,0
5764,0
7083,0
42641,0
24981,1
11796,0
28710,0
32540,0
2933,0
48172,0
21394,1
48744,1
4346,0
45847,0
29699,0
25344,1
9214,0
28522,0
41001,0
47562,1
32265,0
19583,0
8341,0
10812,0
38087,0
25430,0
38021,0
48475,0
33166,0
13741,1
41317,0
28658,1
39561,0
24066,0
35922,0
16310,0
2451,1
7578,0
18833,0
15937,0
29976,0
39819,0
32306,0
9764,0
33229,1
30428,0
25776,0
17439,1
18500,0
41854,0
34317,0
28320,0
8290,0
29844,0
41193,0
26155,1
16521,0
21244,0
41195,0
22668,0
42111,0
31792,0
30505,0
39324,0
29366,0
36315,0
46793,0
10273,0
12105,0
27473,1
11645,0
3773,0
38494,0
14829,1
13769,0
20994,0
23161,1
12724,0
39012,0
598,1
48563,1
17273,0
6236,0
22933,0
38486,0
4902,0
35829,0
40972,0
2656,0
24283,0
42617,0
48838,0
18763,1
27956,1
36988,0
28314,0
41297,0
14617,0
7129,0
29887,0
38298,0
24931,0
26233,0
15113,0
32425,0
33831,0
6340,0
407,0
3189,0
3740,0
34413,0
46938,0
31101,0
18875,1
23338,0
33102,0
7879,0
5405,0
20680,0
6738,0
20873,0
29923,0
22125,0
7861,0
37025,0
43054,0
6421,0
11205,0
44779,0
15609,0
29001,0
39627,0
29042,0
25387,1
12094,0
2323,0
20615,0
25154,1
8487,0
1384,0
18737,0
19701,0
38744,1
45817,1
18945,0
16526,0
24017,0
27361,0
38335,0
6853,0
23388,0
190,0
12559,0
29193,0
38530,0
1291,1
8281,0
18661,0
34134,0
29115,0
24545,0
7047,1
2487,0
31647,0
30882,0
38857,0
45750,0
37572,0
20322,0
14531,0
24871,0
43553,0
8120,0
33321,0
36849,0
45901,1
27053,1
12591,0
15768,0
13625,1
47790,0
4550,0
8195,0
27532,0
9253,0
35614,0
15700,0
22206,0
37763,0
47344,0
20167,0
21019,0
45424,0
8030,1
4116,0
43828,0
4869,1
5495,1
24344,0
12260,0
44348,0
17929,0
20158,0
38498,0
11784,0
18457,0
48327,0
42387,1
37923,1
6458,1
14423,0
35286,0
4668,0
34430,0
13900,1
17410,0
42885,0
36578,0
25624,0
37064,0
10343,0
871,0
19996,0
44433,0
10881,1
39014,1
22434,0
13162,1
12295,1
17177,1
27114,0
2715,0
48444,1
35958,1
5322,0
38336,0
37021,0
7441,0
7967,0
4208,0
41489,0
40344,0
9238,0
31809,0
26548,0
22918,0
46945,0
2368,0
16249,0
33259,0
30626,0
18485,0
16912,0
47390,0
31085,0
41165,0
36707,0
11844,0
2247,1
13491,0
29837,1
38834,0
8559,1
22679,1
34565,1
44836,0
32198,0
301,0
13381,0
20139,0
33916,0
33810,0
13298,0
16588,0
4076,0
22997,0
36325,0
31838,1
42709,1
33370,1
4789,0
21107,1
8835,0
16141,0
36672,0
33483,0
29402,1
44506,0
33939,0
18229,0
21308,1
26868,0
6663,0
47580,0
37513,0
22519,0
41242,0
16974,1
30693,0
7210,0
29323,0
30494,0
44075,0
20685,0
18767,0
16892,1
31159,0
37823,0
24084,0
48227,0
36713,0
10761,0
31817,0
4283,0
45792,1
406,0
17333,1
11479,0
8166,0
38927,0
33207,1
7158,1
36274,1
46059,0
22338,0
14668,0
16656,0
30760,1
31232,0
37001,0
6114,0
33651,0
20539,0
45470,1
3358,0
47615,1
31718,1
23239,0
39235,1
31259,1
22884,0
15294,0
19409,0
18749,0
12138,0
31630,0
25579,0
31022,0
40799,0
33139,0
19218,0
29117,0
27519,0
1841,1
31545,0
23415,0
19139,0
18674,0
18098,0
6729,0
44783,0
20401,0
30638,0
42783,0
17446,1
21155,1
36451,1
4929,1
41627,0
45405,1
37371,0
40423,1
8805,0
7943,1
41249,0
1014,0
23529,0
39243,0
46730,1
40332,0
26112,0
48602,0
44688,0
12923,1
47604,0
27287,0
38026,0
40092,0
9989,0
11850,0
13658,0
40959,0
32450,0
4340,0
13549,0
41372,0
458,0
6563,0
43434,0
17126,0
25668,0
23195,1
33557,0
27883,0
9541,1
26693,0
44383,0
40067,0
19391,0
393,0
28564,0
14671,0
1497,1
43858,0
33720,1
28980,0
47274,0
5922,0
38907,0
26880,0
47134,1
39757,0
15070,0
12161,0
43915,0
26711,1
8081,0
26805,0
20848,0
18965,0
18617,0
14491,0
33476,0
3726,0
16685,0
32676,0
46842,0
554,0
47247,0
32894,0
32067,1
43948,0
6415,0
17359,0
10819,0
45464,1
2353,0
18878,0
14514,1
35703,0
20398,0
21058,0
47523,0
42687,1
37769,1
40173,0
36605,0
15143,1
17449,0
15974,0
35905,1
24918,0
39640,1
45779,0
15088,0
24173,0
18486,0
22794,0
23368,0
394,0
8677,1
42894,0
44865,1
18658,0
8442,1
41077,0
13836,0
38247,0
29378,0
8736,0
23403,0
2789,0
7440,0
28574,0
34058,0
15555,0
44484,1
29109,1
36256,0
47665,0
38860,1
8111,0
18073,0
16995,1
24133,1
12347,0
13277,1
36307,0
30773,0
1893,1
5525,1
32563,1
16251,0
1313,0
184,1
38661,0
10306,0
36758,0
14582,0
48217,0
43622,0
11811,0
16693,0
18213,0
1734,0
32674,0
40172,1
37410,1
12031,0
34742,0
1055,0
36961,0
25650,0
44145,1
22759,0
1368,0
4866,0
8491,0
6262,0
2076,0
18962,0
12676,0
747,0
14877,0
5156,0
21137,0
31814,0
5034,0
25439,0
8833,0
24567,0
15756,0
1525,0
28816,0
42644,0
28606,0
12104,0
28843,0
43979,0
9030,1
37640,0
3572,0
39523,0
17196,0
32539,0
4829,0
11620,0
33116,0
34175,0
6651,1
3487,0
634,0
6176,0
6083,0
6747,0
40536,0
19003,1
7535,0
21114,0
18002,0
2722,0
13947,0
25910,0
5424,0
40045,0
7103,0
16216,0
32301,0
28613,0
41376,0
30247,1
9919,0
44134,0
41663,0
14665,0
1306,0
8997,1
21716,0
2103,0
3655,0
21501,0
24853,1
13227,0
47582,0
41030,0
960,0
560,0
20887,0
839,0
20856,0
30114,0
34369,1
10623,0
11868,0
9622,0
12998,0
7685,0
37368,0
37074,0
23560,1
43380,0
7031,0
32500,0
8382,0
22008,0
8721,0
20332,1
46818,1
3751,0
29829,1
23891,0
34898,0
34624,0
43543,0
14282,0
10937,1
28883,1
29672,1
31914,1
39612,0
5095,1
16176,1
34467,0
3831,0
18191,0
12239,0
13341,0
43332,0
2357,0
12125,0
9593,0
34155,0
32574,0
8361,1
44187,0
3785,0
32952,1
9966,0
1919,0
5108,0
27356,0
27837,0
36845,0
8304,0
1364,1
26813,0
9388,0
26902,0
18948,0
21816,0
23426,0
7036,0
32285,0
1242,1
37191,0
39027,0
41213,1
41225,1
16546,0
41282,0
22857,0
20933,0
44713,0
22121,1
37185,0
7314,0
44359,1
4840,1
9173,0
29156,1
27958,0
19474,0
31419,0
24646,0
23818,0
1762,0
28904,1
13378,0
10490,0
9591,0
2750,1
21163,0
19012,0
20042,1
16376,0
20369,1
29642,0
15625,0
38013,0
26695,1
20995,0
35467,0
39564,1
31604,1
13246,0
30613,0
7222,0
25748,0
12586,0
13270,1
14225,0
22380,0
40319,1
33839,1
46060,0
41658,0
21928,0
15642,0
14663,1
39376,0
32117,0
27637,0
48032,1
17570,0
44039,1
32482,0
37059,0
8747,1
29874,0
35671,0
14914,0
16183,0
14506,0
11849,0
34271,0
89,0
28869,0
24014,1
20487,0
1173,0
26015,0
36635,1
4413,0
9981,0
45764,0
23719,0
22795,0
48730,0
20671,1
10574,1
35578,0
35870,0
38195,0
12343,0
4644,0
48234,0
23398,0
33299,1
25158,0
36160,0
20628,0
41167,0
24075,0
15266,0
20768,0
8949,0
45335,0
11982,0
2032,1
30546,0
27176,0
8561,0
15229,0
23190,0
27819,1
37969,0
44889,1
998,0
38311,0
17608,0
31191,0
17645,0
40124,0
17561,0
7174,0
19584,0
2854,0
33554,0
29890,0
18345,1
3631,0
46422,0
27652,0
38777,0
15061,0
35369,0
17221,0
33335,1
27877,0
29846,0
39174,0
24316,0
23886,0
5738,1
9779,0
28379,0
30282,1
16317,0
47108,0
15144,0
3282,0
30756,1
9596,0
24604,0
8517,1
47688,1
12929,0
26487,0
29636,0
44869,0
12416,0
31361,0
10190,0
44337,0
16502,1
40174,1
25730,0
15589,0
21090,1
29482,1
34842,0
43163,0
37212,0
41240,0
28966,0
7729,0
32478,0
31403,1
12002,0
41141,1
34829,0
19818,1
34206,1
48034,0
29031,0
17146,0
5617,0
27849,0
26159,1
11252,0
38666,1
41915,1
35450,0
32190,0
29423,0
31998,0
38792,0
37606,0
2888,0
25823,0
6575,0
30646,0
33245,1
9427,0
43329,1
45748,0
36795,1
15431,0
15807,1
46458,0
23258,0
10411,0
1576,0
40275,0
10204,0
28464,0
4696,0
6293,0
13793,0
48711,1
4600,0
40915,0
15221,0
43356,0
22446,0
16475,1
12278,1
38872,1
18536,0
15722,0
23594,0
41808,1
4220,0
17034,0
19989,1
48019,0
5556,0
2707,0
36294,0
28651,0
47150,0
18849,0
13515,0
5494,1
41702,0
2930,1
43536,0
13599,1
19343,0
28890,0
11822,0
29712,0
11206,1
6920,0
40262,0
16018,0
2129,0
21689,0
27281,1
46922,0
13231,0
45055,0
44100,0
30915,0
40619,0
9441,0
2526,0
47923,0
21282,1
19360,0
25004,0
48761,0
4231,0
26583,0
41667,0
9723,0
3316,0
28122,1
28524,0
48708,0
40443,1
37521,0
41966,0
45861,0
30884,0
8098,0
771,0
40015,1
44238,0
23942,0
39582,0
10611,0
27888,1
19988,0
1272,0
22145,0
22791,0
15711,0
48364,0
24353,0
25145,0
19045,0
23049,0
15410,0
21807,0
6137,0
16467,0
41044,1
6560,1
38546,0
33860,0
18341,0
42356,1
38688,0
27351,1
25487,0
17849,0
14674,0
36151,0
42591,0
36674,0
40711,0
26698,0
29572,0
18118,1
25007,1
38488,0
37389,0
34588,0
6424,1
15224,0
45166,0
4229,0
31389,0
39343,1
14480,1
46228,0
31298,0
35037,0
12662,0
43682,0
41963,0
40955,1
14023,0
33525,0
42350,0
32264,0
38295,0
13444,0
11725,0
25723,0
38961,0
3498,0
11144,1
3934,1
31829,0
7746,0
1930,0
48340,0
9890,0
17266,0
13023,0
32861,0
46107,0
7960,1
12453,0
42032,0
31597,1
45318,0
45390,0
43181,1
35483,0
32410,0
19876,1
36967,0
17505,0
1190,0
10425,0
5447,0
43046,0
5239,0
37472,0
40214,0
19545,0
33745,0
312,0
34607,0
15858,0
12699,0
38287,0
1326,0
36677,0
45533,0
28363,0
5396,0
23296,0
47847,1
41320,0
30461,0
39015,0
24434,1
27280,0
40461,0
28913,0
37032,0
33748,0
11355,0
20622,0
3891,0
10576,1
20551,0
889,0
8450,1
13740,0
38017,1
34099,0
45342,0
10012,0
493,0
17696,0
43151,0
834,0
20909,0
26559,0
10083,0
8918,0
48697,0
35443,0
48791,0
38055,0
26659,0
21861,0
20370,0
43565,0
36910,0
42715,0
42270,0
3109,0
40148,0
4320,0
3882,0
40878,0
1244,0
17077,0
18033,0
8737,0
26668,0
32896,1
30764,0
8168,1
26187,0
27619,0
19967,0
45781,0
48222,0
39897,0
19438,0
27409,0
44923,0
42399,0
13645,1
4643,0
32310,0
7570,0
13263,1
43646,0
9047,1
21746,0
33893,0
4446,0
10299,1
28774,0
29516,0
4733,0
12280,1
14691,1
35094,1
7841,0
27466,0
10172,1
2944,1
44267,0
31457,0
33161,0
8413,0
36211,0
9773,1
26519,0
43749,0
4821,1
36930,0
3649,0
35627,0
27556,0
27624,0
13637,0
27030,0
14924,0
12936,0
11388,0
16696,0
29916,0
41369,1
14390,0
36926,0
48312,0
26,0
46172,0
48205,0
4922,1
35086,0
25214,0
4415,0
11412,0
17758,0
8233,0
33493,0
13429,0
8076,1
47970,1
12457,0
10009,0
45970,0
16414,0
14479,1
6420,0
3027,0
39591,0
27395,0
48338,0
45019,0
9935,0
14134,0
9122,0
34229,0
33579,0
14063,0
6627,1
28575,0
11667,1
30476,0
29486,1
11569,1
32326,0
14754,1
36654,0
17248,1
40065,1
13978,1
25912,0
39983,1
359,0
849,1
17726,1
8064,0
6019,0
37375,0
46766,1
37457,0
6337,0
6142,0
3858,0
47637,1
3492,1
34808,0
14188,0
28400,0
22858,1
345,1
33104,0
18637,0
46562,0
14070,0
26820,0
3598,0
47132,0
33108,0
2813,1
30087,0
7854,0
792,0
48075,0
31994,0
44724,0
41231,0
41197,1
47368,0
22763,0
14449,0
37318,0
4248,0
27735,0
36651,0
10532,0
13970,0
43205,1
37633,0
28490,0
35949,0
30199,0
38906,0
43872,0
3304,0
27490,0
2782,1
11902,0
30657,0
24891,0
33444,0
18465,0
32347,0
1849,0
35997,0
39176,0
15304,0
45653,0
10916,0
27603,0
33217,0
46988,0
46596,1
789,0
3723,0
5434,0
6303,0
45224,0
22166,0
40793,1
40756,0
43715,0
7380,0
27396,0
11889,0
14018,1
44770,0
45867,1
45625,0
9060,0
14654,0
37689,0
33549,0
19543,0
35367,1
5417,0
1974,1
25517,1
18075,0
14417,1
34379,0
26649,1
31656,0
28241,0
32960,0
4426,0
15423,0
46390,0
37574,1
23547,0
13551,1
46586,0
39405,0
36488,0
12822,1
35138,0
14319,0
3330,0
15790,1
14098,0
13884,0
46743,0
15126,0
14697,0
47091,0
44998,0
30399,1
2091,1
10629,1
15176,0
27419,0
35572,0
36349,0
38807,0
24442,1
21962,1
28859,0
6504,0
34889,0
41162,0
33419,0
6405,0
44167,0
31228,0
3,0
9431,1
36018,0
9584,0
33100,1
40923,1
24635,0
22643,0
2775,0
15391,0
38839,0
44665,0
27337,0
38167,1
8139,0
4179,0
47850,0
32182,0
38397,0
31973,1
10616,0
46357,0
16127,0
28271,0
1165,0
44895,1
11058,0
46354,1
31760,0
48390,0
33176,0
23044,0
30359,1
40733,1
18814,0
38059,0
32261,0
17950,0
25803,0
27189,0
38789,0
24238,0
143,1
33807,0
37268,0
20280,0
45673,0
43743,0
23375,0
23228,0
768,0
30856,0
40655,0
37888,1
18404,0
10595,0
36934,1
27078,0
42973,1
23487,0
6701,0
23653,1
235,0
14442,1
29813,0
24895,1
24261,1
23570,0
44320,0
45735,0
12212,1
16034,0
20557,0
18552,0
42861,0
23939,0
36406,0
44593,0
341,0
7307,0
7687,0
7860,0
40588,1
8352,0
33872,0
32621,0
35786,0
34385,0
47408,0
18572,0
32977,0
37862,0
48085,0
45840,1
19171,0
14623,0
32299,0
19051,0
47971,0
37416,0
16848,1
12989,1
6702,1
42801,0
15078,0
46069,1
20630,0
8254,0
32056,1
26524,0
31254,0
8591,0
37536,0
29468,1
44352,0
41423,0
7323,1
25855,0
38499,0
44327,0
28867,0
20955,0
19273,0
26602,0
3068,0
17874,0
42769,0
29676,0
41887,0
677,0
40990,0
40501,0
8284,1
33023,1
41929,0
44785,0
41990,0
39265,0
20948,0
41394,0
37471,0
39297,1
45106,1
7911,1
36996,0
6707,1
15966,0
48585,0
7596,0
43745,0
38491,0
35021,0
6746,0
20657,0
23423,0
16448,0
31234,0
12034,0
16732,0
41315,0
38445,0
28684,0
6188,0
20254,0
41226,0
32964,1
22305,0
20664,0
32102,0
16213,0
20693,1
8073,1
43994,0
9922,1
39753,0
38766,0
12315,0
48569,1
8388,0
6656,0
13562,0
280,0
30432,0
21679,0
28451,0
24007,0
32610,1
19359,1
8753,0
44896,0
1639,0
41950,0
40235,0
9668,0
27136,0
23278,0
33746,0
23966,0
2783,0
13185,1
35943,0
18177,0
9337,0
7350,0
40462,1
18047,1
8503,1
5181,0
44468,0
40112,0
26174,0
43596,1
19973,0
13139,0
35629,0
4039,0
33614,0
26382,0
44613,0
41692,0
27642,0
30372,0
38080,0
3246,0
34054,0
30283,1
12766,0
21436,0
38846,1
46412,0
37762,0
37666,0
6846,0
41542,1
13816,1
21572,0
37118,0
44223,0
9957,0
10056,0
34345,0
48825,0
9266,0
30074,0
44124,0
12944,0
7291,0
9849,0
6809,0
30627,1
44258,1
2124,0
16445,0
32437,0
47076,0
770,0
44892,0
20583,0
14581,0
3638,0
45684,0
10950,0
40555,0
45649,0
35259,0
30483,0
15108,0
32417,0
10279,0
4666,0
8286,0
27756,0
1544,0
38455,0
4113,0
20524,0
41459,0
3177,0
13376,1
45884,0
28075,0
13156,0
34666,0
21893,0
27872,0
14305,0
18805,0
14981,1
42365,1
38638,0
20505,0
28529,0
33017,0
19913,0
32944,0
2301,0
30781,0
4266,0
38778,0
4391,0
8429,1
2752,0
33944,1
37495,1
27043,0
40980,0
21617,0
18425,0
5473,0
13387,1
18319,0
3438,0
14033,0
38332,1
32833,0
32989,0
3729,0
1766,0
5903,0
21913,0
10135,0
35221,0
2843,0
14873,0
13055,1
39921,0
24123,0
42631,0
48723,1
34008,0
9647,0
1790,0
25858,0
48522,0
20869,0
28204,0
7030,1
38320,0
25918,0
34212,0
35497,0
15528,0
38998,1
7672,0
41196,0
27146,0
1449,0
23422,1
38892,0
13276,0
47501,0
28243,0
5252,0
21909,0
15658,0
36970,1
2019,0
30185,0
6773,0
1581,0
15127,1
20111,1
6690,0
17534,0
35196,1
13630,0
42183,0
13170,0
30771,0
23495,0
14702,0
43505,0
12533,0
9667,1
15747,0
2892,0
10580,0
32654,0
31878,0
36034,0
44799,0
41063,0
20216,0
10370,0
8515,1
38883,0
42945,0
43500,1
35754,0
13192,0
27142,0
37997,1
21138,0
29898,0
24245,0
20232,0
11503,0
1617,0
32568,0
28954,0
45468,0
16673,0
9192,0
7922,0
46396,0
18326,1
7317,0
6050,0
48729,0
25512,0
43720,0
1067,1
13323,0
3513,0
31875,0
10031,0
1763,0
28990,0
14704,0
3137,0
42708,1
37966,0
5504,0
14821,0
38997,0
44004,1
42375,1
43884,0
44215,0
13309,0
31284,1
5955,0
29248,0
27349,0
9771,1
22530,1
34183,1
40738,1
26386,0
9709,0
41585,0
27170,0
17174,0
2769,1
2107,0
26941,1
26803,0
35389,0
9162,0
40781,0
5940,0
25322,0
15985,0
37855,1
313,0
31620,0
33407,0
22629,0
6585,1
22085,0
37984,0
16494,0
23367,1
27892,1
36482,1
26397,0
10816,0
34653,0
30744,0
43271,0
36994,0
30843,0
2321,1
14662,0
38881,1
44177,0
7663,0
38885,0
16169,0
37121,0
48167,0
4932,0
12990,0
41995,0
31678,0
44934,1
47272,0
20596,0
24922,0
26688,1
19906,0
6147,0
39576,0
21056,0
27368,0
29714,0
35041,0
6488,0
30127,0
30831,0
31338,1
44244,0
46970,0
9508,0
44090,0
29883,0
7708,0
6904,0
9933,1
34697,0
6090,1
27282,0
5507,1
10065,0
34538,0
24354,0
16042,0
43409,0
36694,0
5513,0
22442,0
15650,1
16768,0
47024,0
38138,0
8789,1
43230,0
389,0
27480,0
21641,0
47186,0
10796,0
4809,0
24509,0
43998,1
14433,0
26710,0
45556,1
5641,0
7010,1
42950,0
38024,0
14650,1
30118,1
8345,1
24447,0
44693,0
30623,0
48179,0
3166,0
10277,0
10959,0
18391,1
44620,0
47143,0
29605,0
22846,0
5318,0
23765,0
37022,0
36537,1
31526,1
7750,1
4901,0
23466,1
26641,0
40622,0
45635,0
1887,0
48425,0
46584,0
5168,1
3565,0
34801,1
4565,0
46703,0
25385,0
25539,0
29969,1
6370,0
311,1
46105,1
3675,0
17175,1
22354,0
10100,0
24528,0
40765,0
23537,0
33114,1
712,1
6539,0
16851,0
27256,0
41742,0
35170,1
38053,0
37566,0
24229,0
30123,0
8223,0
36602,0
48617,0
5828,0
36975,0
26045,0
13283,0
31095,0
12473,0
45514,0
27959,1
41189,1
33530,0
29583,0
30589,0
26895,0
40182,0
14876,0
5752,0
22712,0
36850,1
24443,0
8674,0
31450,0
8499,0
36696,0
39924,0
8794,1
39563,0
43534,0
2261,1
46103,0
2137,0
19272,0
37638,0
32900,0
42826,0
46738,0
5789,0
19529,1
30038,0
31518,0
10156,1
24946,0
38659,1
35765,1
32274,0
26780,0
12883,0
3248,1
45330,0
45491,0
44650,0
15138,0
10257,0
47504,0
22134,0
46337,0
13408,0
12302,0
28728,0
13098,1
31694,0
31001,0
37345,1
8839,0
31265,0
24462,0
24974,0
31784,0
15003,0
19823,0
2136,0
17862,0
4594,1
6153,0
39729,0
28402,1
39508,0
21409,0
48287,0
27174,0
24170,1
6228,0
11960,0
27496,0
41841,0
2311,1
29539,1
38776,0
4066,1
13058,0
2642,1
48505,0
35802,1
4874,0
19020,1
12197,0
30427,1
48775,0
3982,0
5298,1
5892,0
4590,1
13319,1
41944,0
21749,0
30621,0
16717,0
45809,0
38401,0
22856,0
22944,0
31820,0
10948,1
45222,1
11718,0
46169,0
32626,0
6343,1
8265,0
40585,0
36763,0
14107,0
34245,0
33969,0
18091,0
7381,0
31423,0
9818,0
3538,0
28359,0
39934,0
2066,0
27026,0
669,0
29466,0
4067,0
9347,0
46677,0
28930,0
13385,0
48296,0
10484,0
46646,0
9711,0
23660,0
6450,0
27339,0
42773,1
33653,0
6444,0
3931,0
9061,0
6826,1
24237,0
24244,0
18475,0
37152,0
9757,0
21043,1
32499,0
32942,0
10706,0
35490,0
25464,1
27470,0
870,0
13430,0
14701,0
8676,1
29442,0
18594,0
40813,0
1521,1
25012,0
23480,0
17493,0
1548,0
11405,0
20003,1
8921,0
33688,0
35877,0
4678,0
38113,0
9635,0
2978,0
15594,0
13550,0
1247,0
34102,0
44196,1
14960,0
428,0
5864,0
5854,0
33961,0
24824,0
5201,0
15403,0
3042,0
6591,0
7342,0
30511,1
27228,0
40796,1
17194,0
28417,0
5657,0
14218,0
24920,0
25384,0
2403,0
6977,0
7236,0
16114,0
824,0
11483,0
39586,0
10996,0
15912,0
39687,0
33154,0
33674,0
44976,0
35897,1
32070,0
4961,0
26718,0
34925,0
4452,0
31666,0
7282,1
32620,0
25200,0
19495,0
14558,0
45133,1
5999,0
859,1
21863,0
39676,0
32702,0
30502,1
15007,0
9299,1
4810,0
46178,0
30478,0
2612,0
27007,1
31896,0
26149,1
47612,0
6384,0
19626,0
11109,0
41529,0
14607,1
44619,0
35394,0
31396,0
48292,0
10008,0
35783,1
33545,1
42498,0
34965,0
3469,0
28672,0
12366,0
23483,0
48760,0
20448,0
45460,0
3406,0
48643,1
37283,0
25274,0
26275,0
41313,0
24419,0
45616,0
31339,0
38592,0
15963,0
28915,0
41,1
23877,0
7571,0
32327,0
25804,0
25875,0
15593,0
18146,0
31803,1
222,0
29255,0
34909,0
45864,0
4401,0
37253,0
729,0
22043,1
36509,0
41181,0
6680,0
29170,0
47343,0
31927,0
6274,0
23988,0
5945,1
3005,0
39031,1
26699,1
1629,0
15637,0
9408,0
47775,0
44240,0
31866,0
30951,0
8686,0
17283,1
36932,0
5091,1
1342,0
43755,0
8895,0
31510,0
14459,0
44415,0
28547,0
14450,0
4977,0
26446,0
33323,0
19114,0
43444,0
23469,0
16804,0
47798,1
28177,0
30500,0
21625,0
33487,0
25397,0
7148,0
13136,0
4469,0
3213,0
33971,1
17910,1
6051,0
31123,0
26701,0
19792,0
37771,1
3385,0
6692,0
6669,0
2253,0
19494,1
18855,0
30373,0
40406,0
29204,0
31440,0
15362,0
8914,1
20847,1
19046,0
2147,0
38578,0
5877,0
9634,0
21544,0
8818,0
39681,0
17192,0
39264,0
44478,0
40967,0
39669,0
16302,1
21719,1
10546,0
44948,0
11404,0
3803,0
39260,0
42813,0
16769,0
15823,0
37100,0
30456,0
15259,0
26148,1
24036,0
2635,0
5967,0
8126,0
17616,1
5384,0
47256,0
11542,1
9165,0
30028,0
30209,0
36966,1
43690,0
45113,0
18489,0
12937,0
36345,0
20127,1
34971,0
28827,0
15729,1
34530,0
8472,0
31644,0
18105,0
11224,1
10917,1
35840,0
23609,1
26076,1
15520,0
34739,0
24064,0
17354,0
46502,0
10321,1
35853,0
30311,0
45918,1
7125,0
24694,0
27453,1
24515,0
19566,1
37179,0
26801,0
37210,1
2047,0
13540,0
38770,0
38633,0
43157,0
30255,0
30386,0
32161,0
8335,0
2224,0
42439,0
44032,1
6971,0
18301,0
43670,0
41967,0
31305,0
9117,0
2908,0
32283,0
4993,0
37595,0
22022,0
5907,0
19514,0
3376,0
22569,0
2563,0
40508,0
1087,1
35374,0
1552,1
919,0
31859,0
45160,0
29577,0
17331,1
23477,0
45598,1
37364,0
13040,1
28828,1
479,0
16533,1
39369,1
44616,0
21261,0
2290,0
457,0
15223,0
26035,0
11271,1
47147,0
26094,0
3633,0
31964,0
43421,0
2922,0
19187,0
35231,0
43905,0
45154,0
4888,0
32614,0
25225,0
241,0
23896,0
37055,0
47055,1
44964,0
27691,1
25126,0
39122,1
42796,0
3462,1
35926,0
40984,0
5374,0
20054,0
28851,0
12337,0
17634,0
21865,0
25696,0
36717,1
28378,0
15173,0
35312,0
29102,0
29713,0
4776,0
40922,0
44667,0
40270,0
10308,0
45889,1
42407,0
37284,1
40240,0
26024,0
5404,0
3084,0
48464,0
2053,1
3616,1
42882,0
34470,0
42734,0
9436,0
22999,0
12258,0
3636,0
19470,0
20359,0
35391,0
8673,0
47883,0
4013,0
3209,0
40927,0
10069,0
15888,0
27520,0
8084,0
35212,1
28695,0
31778,1
28489,1
32208,0
40335,0
21675,0
20011,0
4201,0
13343,0
44621,1
38283,0
9495,0
4173,0
34505,0
43512,0
41787,0
19073,0
34865,0
38228,0
6956,0
2134,0
16470,1
12666,0
4671,1
20490,0
16621,0
22382,0
41359,0
41059,0
8094,0
36528,1
45338,1
12117,1
3702,0
43174,0
44204,0
34090,0
21914,0
22478,0
41330,0
7169,0
13260,0
41723,0
43372,0
41902,1
37932,0
34474,0
33294,0
702,1
8536,0
20493,0
37046,0
36557,0
21503,0
35399,0
665,0
17674,0
28206,0
201,1
36837,1
28348,1
47345,0
29276,0
32103,0
16368,0
46202,0
15715,0
3848,0
35032,0
42553,0
23981,1
9901,1
4225,0
30338,0
6861,0
32801,0
409,0
6779,1
35828,0
43615,0
47488,1
40183,1
28184,0
24928,0
28790,1
35737,0
20046,0
5207,0
4180,0
18854,0
26783,0
40362,0
34746,0
27801,0
7064,0
47569,1
8522,0
28277,0
25314,0
3481,0
32078,0
40602,1
27592,0
28388,0
34236,0
42428,0
20851,0
21834,0
42021,0
6469,1
23763,0
5887,1
15740,0
9233,0
13000,0
43012,0
34782,0
23538,0
23097,0
