id,income
392,1
1900,1
24507,1
32817,0
47893,1
21562,1
809,1
19597,1
932,1
29560,1
39439,1
31204,1
34680,0
5373,1
31851,1
31466,0
31460,1
38144,0
15231,1
27312,1
25562,1
29828,1
16407,0
45845,1
38651,1
25135,1
27911,1
6804,1
44524,1
21274,0
21298,1
2059,1
29063,0
39767,0
678,0
25646,1
26536,1
33586,1
42114,0
37213,1
13091,1
23698,0
36981,0
39021,1
11583,1
41010,1
37401,1
4374,1
7944,1
47707,1
45800,1
18215,1
34852,1
13942,0
8647,0
37134,0
3908,1
29462,1
24132,1
15235,1
23917,1
15830,1
7936,1
1405,1
42830,1
18680,1
86,0
22864,1
10029,1
38786,1
42758,1
4035,1
16562,1
17473,0
5101,1
17655,1
48170,0
31412,0
47029,0
6218,1
33802,1
11514,0
20914,1
17646,0
833,0
43331,0
19498,1
26496,1
32701,1
48101,0
16284,1
20277,0
36377,1
32870,1
12749,1
32210,0
47399,1
2620,0
21754,1
6165,1
12997,0
10651,1
3627,1
38014,0
42362,1
29405,1
531,1
28621,1
6569,1
18868,1
47895,1
10169,0
17015,1
40248,1
36559,1
10379,0
44462,0
845,1
43204,1
45253,1
19385,1
47172,0
36291,1
5046,1
5194,0
7315,1
35045,1
9239,0
10006,1
3416,1
42763,1
24074,1
33170,1
3206,0
10834,1
42326,1
6417,1
24790,1
30873,1
43831,1
20426,1
2577,1
26358,1
39395,1
14334,1
11343,1
40548,1
35788,1
11457,0
12606,1
15574,1
23507,0
42077,1
6632,1
3329,1
6475,1
10720,1
37489,1
21778,0
18961,1
46735,0
9368,1
12757,1
26455,1
9462,1
24323,1
35439,1
1219,0
30930,1
20676,1
20763,0
18343,1
16307,1
35164,1
33028,1
1198,1
28488,1
16701,1
26853,1
27834,0
47890,0
48076,1
21949,1
8067,1
15128,1
8560,1
16729,1
46430,1
5731,0
8407,1
46047,1
38867,1
12181,1
6848,1
17462,1
32218,1
39619,1
11257,1
15781,1
44495,1
93,0
23710,0
22994,0
48781,0
45290,0
34609,0
45593,1
2905,0
34701,0
36727,1
26543,0
46715,0
32453,1
1282,0
19824,1
36744,1
7255,0
43498,0
5127,0
11913,1
41561,1
13872,0
1901,0
16507,0
13485,0
39993,0
40237,1
19639,1
43589,1
44226,1
30821,0
25728,1
37840,1
26850,1
45851,1
46250,1
29930,1
9404,1
3290,1
4443,1
43149,1
6961,0
29485,1
23254,0
20072,1
26872,1
25686,1
36963,1
18986,1
31308,1
34137,0
3127,1
27928,1
11995,1
22299,1
45547,1
26318,1
1975,1
33190,1
28879,1
41038,1
47874,1
15000,1
30220,1
25655,1
36030,1
25402,1
596,1
3016,1
12851,1
34962,0
9875,1
35931,1
47111,0
25763,1
48039,1
34698,1
27886,1
15050,1
39658,1
48665,0
35817,1
4959,1
12352,0
35698,0
29345,0
37240,0
7871,1
26532,1
6967,0
23484,1
25994,1
47338,0
15351,1
32593,1
23754,1
5320,0
22486,1
17860,1
7741,1
41252,0
5901,1
4621,0
45962,1
18004,0
7803,0
39253,1
46662,0
2485,1
2646,1
45431,1
26596,1
32987,0
32915,1
46310,1
30620,1
33869,1
5758,1
45557,1
39732,1
17768,0
19283,1
43290,0
11427,0
12641,1
11259,1
666,1
16608,1
41722,1
32721,1
47313,1
27307,0
39548,0
6053,0
13602,1
27531,1
13172,1
10888,1
19523,1
11619,1
46831,1
40446,0
3323,0
24591,1
16237,1
2542,1
48207,0
39788,1
20173,1
36355,1
43721,0
14906,1
12115,1
35963,1
27404,1
34730,1
6270,1
31559,1
4692,1
24122,1
15692,1
31075,0
10483,1
24729,0
35941,1
18052,1
13946,1
22515,0
9085,1
2195,1
16457,1
23076,1
41223,0
6129,0
18282,1
39960,1
45074,1
43107,0
26987,1
33793,1
11709,0
11047,1
2208,1
10221,1
39504,0
48779,1
8474,1
10433,1
34702,0
45632,1
44988,1
40937,1
42982,1
14652,0
33276,1
13597,0
1619,1
2867,0
32245,1
40945,1
1216,1
14844,1
28619,1
45042,1
7343,0
34334,1
21832,1
31386,1
30551,0
32522,0
3318,0
24915,1
42775,1
20792,1
11390,1
35700,1
45249,1
41543,0
31320,0
3883,1
2853,1
21924,1
47118,0
11170,1
46551,1
12306,1
45652,1
4240,1
41807,1
12941,1
4975,1
8599,0
8297,1
13893,0
46680,1
47740,1
11341,1
48638,1
33270,1
1372,0
28319,1
3792,1
16557,1
685,1
32101,0
15219,1
18100,1
907,1
36724,1
15037,0
27150,0
20803,1
22071,1
18410,1
12427,0
43467,1
38120,1
40824,1
17792,0
36918,1
47727,1
12867,0
44467,1
40592,0
24990,1
39550,1
42473,0
21450,1
3840,0
11789,0
32549,1
6790,0
41217,1
42875,0
8334,1
24690,1
44270,1
39372,0
5761,1
1175,1
38902,1
9745,0
24267,0
8720,0
14312,1
6219,0
35951,1
6278,0
22588,0
37934,1
40836,1
31854,1
6593,1
35925,0
12758,1
15016,0
31746,1
47903,1
379,1
5195,1
10230,1
15734,1
48722,1
26077,1
44847,0
21841,1
23893,1
31280,1
41457,1
41214,1
11,1
23303,0
5138,0
5557,0
43045,0
43284,1
45566,1
11364,0
34277,0
33796,1
8640,1
17245,1
28409,0
23277,1
19481,1
44282,1
4803,0
35220,1
21353,1
18791,0
6735,1
31665,1
32487,1
5824,1
8809,0
408,1
43854,1
11581,0
1520,1
34081,0
16480,0
14809,1
4572,1
25122,1
10015,0
29223,1
28746,0
31623,1
723,0
46934,1
47201,1
1522,0
14715,1
17212,0
45874,1
2567,1
48503,1
29780,1
39389,1
11719,1
9172,1
14009,0
27358,1
31174,1
5800,1
8039,1
48714,1
37315,0
34519,1
15467,1
35477,1
23526,1
12050,0
34000,1
7092,1
34005,0
45651,0
30323,1
30980,1
37568,1
3964,1
5829,1
5393,0
47822,1
488,0
3240,1
12943,1
32750,1
23523,0
38673,1
35688,1
28172,1
24708,1
43568,0
33952,0
18887,1
13722,0
26911,0
29995,1
29649,1
39762,0
24825,1
2954,0
1114,1
41286,1
33087,1
26062,1
38538,1
3932,1
31674,0
11833,1
30024,1
31869,1
22953,0
27070,1
18516,1
36064,1
13708,0
33071,1
1778,1
13214,1
39913,1
9209,1
20373,1
1538,1
6751,0
13522,1
46519,1
37170,1
25477,0
29687,1
5187,0
350,1
20082,1
17963,0
4927,0
20760,0
31917,1
11777,0
38324,1
19928,1
15806,1
8228,1
22054,1
28130,1
40143,1
5437,0
45119,1
45207,0
23374,0
41102,1
11747,0
40130,0
21266,0
29481,1
31952,1
37872,1
3909,1
40703,1
11774,0
32855,1
33736,1
15622,0
23752,1
1604,1
27512,1
14813,1
272,1
8714,1
3708,1
19798,1
3781,0
26864,1
47938,1
21426,1
38820,1
10443,1
45552,1
9944,1
47699,0
42381,1
17707,1
33806,1
42572,1
21169,1
2743,1
8692,1
16135,1
7001,0
45395,1
30943,1
10129,1
3299,0
8912,1
9410,1
22480,1
37721,0
43337,1
13802,1
8420,1
1476,1
48544,1
32812,1
10117,1
33625,1
617,1
18975,1
4357,1
38771,1
34756,1
18164,0
1621,1
8759,1
20442,0
26961,0
19080,1
20526,0
8537,1
10885,1
17443,1
205,1
33437,1
19786,1
15013,1
44614,1
1213,0
39284,0
31283,1
32814,1
44369,0
28096,1
12500,0
46860,1
20821,0
8652,1
5620,1
23826,1
28369,0
41924,1
39802,1
29684,1
23595,1
27382,1
12970,0
16175,0
45256,0
25233,0
1340,1
43950,1
39447,1
5266,1
37806,1
24621,0
2677,1
33243,1
19047,0
37496,0
21680,1
14105,1
3028,1
17632,1
4755,0
47766,1
44820,0
21694,1
1908,1
31754,1
21878,0
13499,1
9763,1
37884,0
10265,1
43757,1
31703,1
15669,1
25380,1
16948,1
47794,0
28519,1
30662,1
28018,1
15389,0
28091,0
39839,0
9377,1
10040,1
7534,1
45535,1
27942,1
16051,0
1615,0
19985,1
31410,1
21673,1
23351,1
45210,0
5989,1
10367,1
10057,0
7551,1
44648,1
5202,0
11231,1
33306,1
6883,1
47383,1
2040,1
33470,1
7097,1
9351,1
34647,0
48171,0
7107,1
13989,1
44136,0
40088,1
7930,0
11918,0
32766,1
6784,1
22929,1
10670,1
33009,1
5697,1
23358,1
17012,1
41605,1
45185,1
26272,0
19780,0
38536,1
24044,1
27880,0
13123,1
21121,0
2982,1
122,0
6318,0
46987,0
42657,1
546,1
26560,1
27060,0
24527,0
23122,1
44679,1
39741,0
4036,1
16043,1
19600,0
25654,0
2649,1
46675,1
3424,1
40772,0
2537,1
28480,1
7897,0
8762,1
25690,1
22398,1
46278,1
27588,1
23384,1
21165,1
14349,1
8667,1
36715,1
27806,1
20169,1
15662,0
39296,1
9825,1
12311,1
18947,0
12741,1
9369,1
1227,0
19069,1
46276,0
44698,1
25321,1
13210,1
2400,1
24240,0
14076,0
46862,1
7704,1
2757,1
11873,1
31114,1
36381,1
31319,0
30718,1
22912,1
43244,1
18707,1
17568,0
23085,1
30292,0
29711,1
18448,0
32197,1
28624,1
13622,1
1418,1
47020,1
1588,1
42970,1
35855,1
42597,1
43883,1
26530,1
21674,0
4336,1
31089,1
8449,0
10573,0
5974,0
15441,1
21874,1
29144,0
19333,0
2889,1
40704,1
3521,0
697,0
9195,1
21709,1
39225,0
1569,1
12981,0
13803,1
7461,1
35310,1
9406,1
45971,1
21410,1
19300,1
14463,1
13777,1
32513,1
38426,1
14714,0
38652,1
13184,0
37083,1
4736,1
45917,0
44540,1
12539,0
15263,0
46195,0
8876,1
41552,1
44721,1
38544,1
15374,1
16383,0
23872,1
11441,1
13747,1
29224,1
6889,1
796,1
26587,1
1927,1
23000,0
6244,1
6761,0
30963,1
36157,1
27813,1
19659,0
20418,1
47600,1
18526,0
39133,1
15853,1
25524,0
37421,1
47415,1
38064,1
8880,1
13919,0
17184,1
34919,0
37556,1
24896,0
16800,1
1600,1
44778,1
5481,0
31698,0
5383,0
9823,1
21710,1
25141,1
13581,0
1170,1
10927,0
6782,1
10864,1
4752,1
14159,1
39053,1
33378,1
15645,0
30251,1
46384,1
18003,0
45787,1
1252,1
3117,0
5025,1
28044,1
31601,1
22388,1
10847,1
18936,1
46632,1
25720,0
25761,1
193,1
39254,1
232,1
12638,1
14369,1
48675,1
25733,0
41786,1
18551,1
36839,0
11751,1
38809,0
12690,0
43784,1
26683,1
8641,1
25592,0
48143,0
47094,1
44392,1
28484,1
23934,1
41460,0
35996,1
14739,1
26008,0
27951,1
34858,0
29093,1
43480,1
28361,0
3368,0
24593,0
48074,1
26120,1
20631,1
26636,1
48583,1
5670,1
2344,1
16416,1
6532,1
19548,1
23629,0
15816,1
6122,0
17895,1
37926,1
11498,1
17821,1
3998,1
2881,0
5862,1
33862,1
25123,1
42357,1
13067,1
40627,1
25737,0
15595,0
18554,1
26939,1
7792,0
38973,1
6152,1
48636,1
19033,1
294,1
20319,0
27187,1
47463,1
2886,1
2052,1
47810,1
22686,1
18913,1
4870,1
12100,1
20882,1
26638,1
35643,1
30054,1
29070,0
47421,1
30578,1
16744,1
12737,1
23104,1
42051,0
24162,1
11406,1
13413,1
32841,1
2531,0
34338,1
15323,1
2583,1
44378,1
15347,1
38342,1
41817,1
43055,1
30609,1
14917,0
16913,1
25597,0
10684,0
29301,1
11035,0
42930,1
27894,1
41793,1
28932,1
11803,1
3992,1
4435,1
17099,0
35386,0
38729,1
7782,1
3910,1
5702,1
7579,1
13987,1
42099,0
42005,1
38359,1
25361,1
37306,1
23711,1
13121,1
6771,1
12984,1
29065,1
38422,1
38132,1
36736,1
41098,1
46796,1
17158,1
10667,1
16155,1
492,1
44550,1
42188,0
40306,1
19720,1
6290,1
13983,1
28080,0
586,1
33082,1
38276,1
11806,1
4772,0
15262,1
48134,0
21825,1
1662,1
4633,1
11209,1
46790,1
17314,1
16519,1
30845,0
25623,1
12345,1
37279,1
43869,0
8483,1
16401,0
17377,1
19934,0
17293,1
23248,0
42345,1
6319,1
27919,1
5825,1
22238,1
981,0
41305,1
37996,1
19794,1
42150,1
38321,1
9652,1
36816,1
43521,1
23429,1
8582,1
31274,0
23675,1
20800,1
37605,0
45929,0
12891,1
30238,1
27968,1
17415,1
17656,1
9810,1
6242,1
4816,1
45456,1
40993,1
22974,1
38211,0
38224,1
3667,1
32895,1
6076,1
46515,1
32241,0
29305,0
48783,1
20382,1
4015,1
7241,1
44677,1
24883,1
17848,1
33863,0
38399,0
11979,1
48146,1
1354,1
543,1
30908,1
5501,1
44186,1
23785,0
35298,1
3143,1
21644,1
21389,1
20653,1
48520,0
14035,0
16580,1
10429,0
4753,1
11291,0
42162,0
29341,0
30146,1
45604,1
48211,1
4775,1
16488,0
13901,1
47337,1
29903,1
27824,1
36936,0
15728,0
44897,1
35819,1
5889,0
48275,1
17402,0
43195,1
30340,1
22950,1
42484,1
36068,1
39317,1
40690,1
7870,1
12921,1
46890,1
37851,1
48486,0
24776,0
9946,1
5598,1
15163,0
18922,0
45797,1
4127,1
13746,0
47205,1
48050,1
37394,1
15783,1
33411,1
20749,1
24613,1
35729,1
9177,1
10159,1
46559,0
48605,1
10665,1
40421,1
39158,1
35255,1
41122,1
441,1
8174,1
791,1
541,1
45508,1
749,1
44336,0
21288,1
29573,0
26071,1
4564,1
37095,1
707,1
19706,1
38042,0
25404,1
27963,1
5577,0
11978,0
38626,1
43968,0
34460,1
13525,1
4882,0
17527,1
14661,0
6215,0
1945,1
10448,1
35638,1
1614,1
25173,1
27171,1
38978,0
29421,0
31213,0
17557,1
20723,0
33436,0
44781,1
38917,1
39468,1
34994,1
779,1
11008,1
4009,1
11423,0
30886,1
25917,1
27472,1
28031,1
33946,1
31477,1
11044,0
11148,1
21399,1
6930,1
40069,1
38092,0
29191,0
36507,1
26256,1
44989,1
44569,1
14624,1
15477,0
23969,1
34729,1
44312,1
423,1
20705,1
3904,1
10669,1
25844,0
4830,0
25339,1
5185,1
40041,1
22295,0
41893,1
20521,1
30423,0
6982,1
12365,1
40396,1
44122,1
41303,1
10802,0
1631,1
46692,0
3350,0
2736,1
20475,1
18059,1
28201,0
14280,1
40844,1
32850,0
34599,1
42341,1
42013,1
47677,1
29710,1
8902,1
22262,1
44766,1
19212,0
39943,0
24705,1
26784,1
48532,0
40493,0
15599,1
9680,1
47661,1
24221,1
17280,1
7626,1
40438,0
5057,0
6056,1
13937,1
39760,1
35513,0
11398,1
14268,1
44590,0
13908,1
17883,0
13506,1
25815,0
4825,0
24525,1
17343,1
18074,1
11692,1
28343,0
36474,0
18539,1
47954,1
15919,1
19321,1
39976,1
40209,0
47952,0
853,1
43291,1
45517,0
9976,1
18016,1
30027,1
45036,1
21230,1
8390,1
9231,1
14655,0
19150,1
19374,1
31240,1
28264,1
2728,1
47555,1
44056,1
7527,0
35759,1
12404,0
6466,1
33080,1
12062,1
2225,1
17591,1
3897,1
43579,1
43917,0
7417,1
34108,0
42864,1
25689,1
12044,1
13862,1
39608,0
40358,0
4324,1
20522,1
13180,0
19188,1
767,1
39038,1
18900,1
16248,0
38205,1
8626,1
7245,1
20354,1
28562,1
45555,1
36665,0
23311,0
32044,0
4238,1
9257,1
10689,1
15814,1
31243,1
18512,0
32599,0
21133,0
34048,1
39206,1
19466,0
574,0
20544,1
40236,1
28394,1
45217,1
2724,1
12549,1
15308,0
42849,1
29845,1
17423,1
29723,1
19262,1
21854,1
10624,1
27190,1
19508,0
12722,0
18123,1
42224,1
14888,0
10088,0
37724,1
14552,1
17178,1
8237,0
6292,1
23679,1
2812,1
11541,0
3434,0
6625,0
43725,1
13181,1
33056,1
5850,1
30152,1
29615,1
2037,1
6231,1
26846,0
45015,1
11114,1
3625,1
8666,1
10926,1
33296,1
6492,1
40403,1
23287,1
42177,1
35387,1
21302,0
949,1
45525,0
19634,1
18514,1
47126,1
42258,0
5609,1
46147,0
18206,1
45523,0
24019,1
42173,1
2997,1
44026,1
16087,1
32819,1
15246,1
35869,0
46872,1
10600,1
48773,1
44086,0
9949,0
17086,1
39363,0
30358,1
28845,1
2887,1
32633,0
47007,0
43067,1
116,1
18924,1
336,1
15670,1
15514,1
4529,1
46647,1
15418,0
18170,1
38184,0
13650,0
16017,1
34912,1
5069,1
25148,0
42398,1
35534,1
4950,1
39091,1
23150,1
33636,1
7131,1
24335,1
17516,0
7379,1
18730,1
30490,1
15673,1
14723,1
33453,1
29047,1
32890,1
24379,0
24230,1
42675,1
18559,1
31501,1
22024,1
9284,1
36435,1
2423,1
43863,1
17202,0
38012,1
35657,1
22175,1
9193,1
20529,1
23127,1
44450,1
22429,1
2957,1
32904,1
48627,1
20656,1
28370,1
45753,1
34009,1
33235,1
15847,1
1902,1
31905,0
4574,1
18973,1
13530,1
9474,1
12946,0
19248,1
38922,1
16936,0
37474,1
45661,0
42543,1
37500,1
13490,1
43084,0
18983,1
7776,1
36927,1
44135,1
36533,0
43229,1
28274,1
43315,1
3311,0
10818,1
22823,1
34133,1
36244,1
9198,1
1206,0
10205,0
15877,1
33920,0
24569,1
44731,0
21460,0
37529,0
44662,1
11717,1
28647,0
37551,0
34196,1
31546,1
28900,0
16246,0
15089,1
14936,0
21512,0
45029,1
47568,0
2206,1
45776,0
40062,1
38259,1
27790,1
38610,1
8005,1
25073,1
2676,1
16301,0
44560,1
1828,1
26259,1
26674,0
13523,1
40105,1
27482,1
45825,1
3306,1
15137,1
10402,1
38194,1
12842,0
28600,1
28941,1
4365,1
13398,1
35705,1
41089,1
26085,1
26512,1
28126,1
46134,1
10700,0
39294,1
19230,0
24270,1
14588,0
29777,1
43663,0
46871,1
12613,1
9048,1
4785,1
28100,1
3926,1
11570,0
46782,1
44445,1
47130,1
43888,0
43608,1
21197,1
31106,0
24519,1
34299,1
44324,1
5965,1
20880,1
33439,0
11615,0
18307,0
20870,1
22205,1
17808,1
27489,1
12560,1
13461,1
43008,0
6908,1
46704,0
37275,1
16897,1
37674,1
30726,1
37246,0
27658,1
45287,1
12146,1
44538,0
6120,1
33870,1
46024,1
5005,0
8154,1
3522,0
6588,1
35894,1
6836,0
16752,1
42480,0
25906,0
37968,1
28657,1
3491,0
33733,1
29855,1
9393,1
13605,1
21135,0
18464,0
19192,1
114,1
46441,1
15020,1
47586,0
16774,1
2220,1
33892,1
44702,1
42654,1
11695,1
13411,1
41080,1
21489,0
39112,1
43197,1
14639,1
9071,1
36618,1
4514,1
10729,0
20809,1
33279,0
31380,1
14120,1
5346,1
33977,1
13859,1
41212,1
36552,1
5643,1
3874,1
19859,0
9306,1
46659,1
21272,1
10042,1
27930,1
21540,0
25637,1
8982,1
42676,1
4949,0
25022,0
6687,1
15372,1
26330,0
42501,1
17590,1
993,0
5896,1
6723,0
11917,1
37878,0
41710,1
22584,1
41809,0
45637,1
37971,0
42884,1
36343,1
1001,1
45799,0
14808,1
23571,0
48025,1
32732,0
27028,1
21717,1
22573,1
34161,1
23700,0
25086,1
10543,1
22393,1
2574,1
25193,1
3760,1
37077,1
46200,1
16151,1
16154,1
14729,1
45859,0
11735,0
33162,0
28974,1
15871,1
43065,1
32875,1
20431,1
3198,0
39393,1
44557,1
12617,1
6518,0
4498,0
12162,1
28034,1
5349,1
20592,0
42207,1
47930,1
14854,1
6479,0
40535,1
46328,1
37907,1
43929,1
739,1
12817,1
33763,1
6793,1
7823,1
28742,1
4318,0
15057,1
12098,1
28678,1
31426,1
9512,0
3984,1
45385,1
35047,1
17543,1
24737,1
32657,1
16147,1
33085,0
462,1
29185,1
38952,1
4372,1
43954,1
42992,0
20073,1
36547,1
26158,1
11880,0
37790,1
10815,1
29104,1
14756,0
31808,0
23491,1
31747,0
10705,1
28971,1
4682,1
3694,0
29387,1
37952,1
27188,0
28513,1
7990,1
45049,0
3387,1
42309,1
35309,1
40963,1
47137,0
19104,1
41392,1
39639,1
41782,1
18694,1
30474,1
33529,1
17371,1
29476,1
12973,1
46853,1
7234,1
12669,1
17938,1
978,0
42648,0
11054,1
37679,0
21564,1
45144,1
40429,1
17766,1
4541,1
18025,1
27830,0
32729,1
7207,1
31221,0
33842,0
19974,1
13839,1
23892,1
6748,0
13426,1
35020,1
43216,0
2925,1
47957,1
38523,1
21292,1
15450,0
16866,1
22061,1
19533,1
46198,1
19693,1
11894,1
38239,1
3814,1
168,1
20062,1
7916,1
32931,0
19259,0
31351,1
3860,1
21902,0
39871,1
27541,1
43240,1
45710,1
19448,0
48273,1
34358,1
42257,1
13311,1
37591,1
9158,1
1924,1
34838,0
15748,1
44427,1
40686,1
48174,1
2884,1
33633,1
29554,1
42505,1
30678,0
46699,1
21194,0
35475,0
37561,0
5590,1
40562,0
43323,1
21851,0
18238,0
21757,0
24321,1
46335,1
10440,1
22099,1
12369,0
33570,1
7727,1
31805,1
4861,1
44403,0
36360,0
5241,0
18969,0
17571,0
20101,1
22963,1
43263,1
35076,1
42127,1
33534,1
1338,1
24455,1
31370,0
18803,1
19819,1
40184,1
32805,0
8354,0
5270,1
11715,1
29745,1
27898,1
21896,1
10844,0
21652,0
16570,1
6033,1
22566,1
28258,1
5237,1
25419,1
32461,1
41332,1
35621,1
22453,1
48276,1
19690,0
42933,0
43966,1
30806,1
35560,1
22426,1
20573,1
36752,1
45232,1
38935,1
24679,1
15363,1
12506,1
42366,1
4171,1
19256,1
47050,1
19917,1
36591,1
15972,0
18627,1
24282,1
30426,1
2601,1
45531,0
200,1
29313,1
8657,1
33053,1
24148,1
21525,0
9055,1
9965,1
26910,1
40933,0
14348,1
12483,0
44953,1
2552,1
26299,1
30734,1
44031,0
30832,1
3617,0
11653,1
4362,1
12835,1
17338,0
20737,1
22359,1
31147,1
39105,1
38519,0
31452,0
10852,1
20337,0
1178,1
43246,0
44599,1
10021,1
911,1
39776,1
20886,1
31363,0
43732,0
6136,0
45912,0
26984,1
45152,1
47768,1
27659,1
7227,1
13519,1
10252,1
25140,1
4012,0
26995,1
46133,1
11338,1
18027,1
43991,1
39513,0
6141,0
10958,1
4773,1
12009,0
12830,0
39660,1
4458,1
21631,1
42282,1
47872,1
11102,0
43497,1
29928,1
5927,0
34142,1
1197,1
30745,0
16550,1
4547,1
21459,1
32607,1
48328,1
27771,1
21600,1
41982,1
197,1
1231,1
10965,1
13147,0
2252,1
8262,1
1267,1
39500,1
35824,1
48478,1
31076,0
12622,0
45671,1
4044,1
20675,0
14738,1
37349,0
37140,1
39809,0
24334,0
6301,1
11030,0
12243,1
36548,0
42706,1
15712,1
34390,1
13079,0
24478,1
38868,1
47980,1
44604,1
41351,0
20055,1
40231,1
43100,0
28592,1
37316,1
42313,0
19868,0
3570,1
21474,0
36403,1
15062,0
19010,1
41731,0
1134,1
29909,1
28429,1
46197,0
39387,1
43215,1
36613,1
16123,1
42568,0
16290,1
5932,1
46365,1
4342,0
13097,0
24638,1
6712,1
26834,1
6008,1
40277,1
43987,0
14163,1
11499,1
36386,1
17926,1
8465,1
48240,1
8971,1
43478,1
45577,0
32194,0
26352,1
33646,1
21232,1
20397,1
30681,0
35639,1
27829,0
3051,0
23937,1
19167,1
16200,0
36750,0
34292,1
11897,1
7762,1
22245,1
41484,1
22035,1
27593,1
23178,1
26746,1
17872,1
32687,1
46527,1
31680,1
17004,0
28307,0
41501,1
1830,1
41208,1
47983,1
13339,0
2784,1
1677,1
31641,1
20274,1
19951,1
28375,0
48442,1
37084,1
735,1
9729,0
37778,1
30647,1
8679,1
4387,1
10048,1
8296,1
46358,1
42515,1
7820,1
18830,0
14706,1
4969,1
44809,0
10213,0
3753,1
9174,1
18212,1
20313,1
31807,1
37414,1
25648,0
816,1
29833,0
24003,1
26624,1
29265,1
29889,1
3098,1
27224,1
25169,1
27069,1
35115,1
42482,1
46471,1
29977,0
13990,1
25590,0
19900,1
40292,1
11103,1
13828,0
13544,1
11038,1
31595,1
32010,1
6024,0
7422,1
12323,1
44133,0
11429,1
29130,1
46820,1
8983,1
6451,0
15652,1
44594,1
14102,1
45823,1
48596,1
47405,1
4976,1
2633,1
41015,1
29901,0
46740,1
47951,1
5894,1
46631,1
4417,1
21827,1
22537,1
33350,0
31900,1
9930,0
45124,0
24243,1
4798,1
20603,0
3080,1
17965,1
8575,1
23314,1
9836,1
22986,0
38069,1
36768,0
19885,1
19299,1
7444,1
11433,1
42818,1
12594,1
21891,1
47776,0
45660,0
43955,1
25642,1
45026,1
33877,1
9013,1
23080,1
10457,1
35974,0
7466,0
28545,1
36346,1
9015,0
17599,1
34637,0
24281,0
40468,1
29768,1
30868,1
3505,1
16075,1
9876,1
21552,1
3220,1
34177,1
39078,1
25197,1
31590,0
1191,1
47547,1
22760,0
27325,0
9358,1
20572,1
1929,0
28602,1
45662,1
34916,1
44451,0
2142,1
24018,1
8778,0
1407,1
13352,1
38642,1
45738,1
38928,1
16451,1
36887,1
8317,0
26458,1
26731,1
5605,1
11604,1
2815,1
15112,1
31187,0
43474,0
1240,1
6258,0
1124,1
48127,0
33330,0
48141,1
18237,1
754,0
20569,1
8158,0
16862,1
23677,1
16911,0
48507,1
2480,1
44893,0
5164,0
5942,1
44736,0
21969,1
16908,0
15422,1
48467,1
42778,1
20510,1
15873,0
33611,1
1765,1
10201,1
20210,1
44601,1
4326,1
41325,1
16561,0
6896,1
40340,0
35904,1
27328,0
17380,1
9402,0
32501,1
7292,0
8812,1
27897,0
22945,1
5874,1
7135,1
4705,1
17690,1
3761,1
24795,1
5699,1
19578,0
4801,1
28740,1
13690,0
36440,0
23143,0
10271,1
32678,0
20152,1
27873,0
48440,0
23616,1
30789,0
19060,1
9614,0
46017,1
18786,1
31753,1
3204,1
19939,1
21082,1
8421,1
12769,1
37071,1
22152,1
47675,0
10046,0
47470,0
46566,0
17541,0
10860,1
7235,1
6431,1
36333,1
23758,1
13511,1
37749,1
2341,1
12399,1
6281,1
12285,0
11567,1
41895,0
1555,1
9371,0
37692,1
38464,1
47652,1
29114,1
47127,1
46,0
26963,1
32456,1
14365,1
32969,1
35139,1
23329,1
5024,1
42794,1
11444,0
46295,0
29331,1
15801,1
15989,1
45407,1
33724,0
46958,1
29706,1
36254,1
32853,1
33355,1
6596,1
1229,1
25181,0
30113,1
45822,1
26000,1
29789,1
5667,1
46674,1
18117,1
45044,1
14193,1
37075,0
38784,1
30441,1
660,1
11371,1
42235,1
35514,1
22910,1
22143,1
43914,1
34711,1
45526,1
26894,1
46474,1
4338,1
20482,1
31350,1
41569,0
18893,1
25285,0
36181,1
39592,1
16616,0
34019,1
12820,0
16569,1
25718,0
32395,1
6409,1
4488,1
18018,1
10805,0
46976,1
35495,1
27633,1
13904,1
1855,1
22430,1
43422,0
6025,1
17723,1
1786,1
11950,1
836,1
11905,0
34483,1
35991,1
18758,0
27522,1
1616,1
8163,0
28466,1
29100,1
43848,1
29806,1
24930,1
9360,1
29441,1
38264,1
19482,0
877,1
39648,0
610,1
29511,0
9814,0
46981,1
13305,1
37681,0
2918,1
44859,1
1463,0
9285,1
25569,1
39892,1
28836,1
41061,1
2236,0
41778,0
32581,1
7297,1
40503,0
14150,1
24141,1
47115,1
26454,1
23242,1
15154,1
28901,0
1610,0
1769,1
24402,0
34949,1
32452,0
21614,1
38671,0
46386,1
10891,0
20806,1
37740,1
34226,1
22533,0
14108,1
2643,1
16355,1
44911,1
40997,0
511,0
23123,0
10101,1
13679,0
16918,0
47645,1
11330,1
24502,1
23574,1
29696,0
43678,1
14976,0
14524,0
9313,1
41172,1
3022,1
46000,1
18029,0
12043,0
4914,1
41829,1
44536,1
5023,1
14983,1
47786,1
28083,1
16916,0
2911,1
26836,1
1145,1
22736,1
5627,0
47981,1
16098,1
25139,1
31857,0
42996,1
9323,0
9301,1
10235,0
37913,1
24996,1
11724,1
8563,1
3683,0
2090,0
48309,0
35060,0
45534,1
28543,0
20103,1
42912,1
21702,1
8539,1
14628,1
16718,0
6898,1
826,0
2919,0
47021,1
24833,1
18248,1
36126,1
45183,0
22189,1
7456,0
13025,1
42229,1
19387,0
47441,0
31785,1
25929,1
26888,1
2280,1
24349,1
25116,1
48055,0
37113,0
16060,1
3262,0
45432,1
19573,1
35848,1
26565,1
27372,0
9526,1
4276,0
2030,1
42495,1
19873,1
930,1
13191,1
31972,1
19976,1
17334,0
28557,1
35442,1
28161,1
30370,1
18738,1
17550,1
1428,1
28825,1
12678,1
19339,0
3095,1
47434,0
15387,1
39768,0
13890,1
9091,0
45846,1
18685,1
35241,1
27010,1
39006,1
39275,0
44465,1
26577,1
28349,0
11643,1
16734,0
18061,1
32463,0
12437,1
11089,0
14204,1
30645,0
35453,1
41163,1
46645,0
22467,1
28477,1
37164,1
39408,1
2787,0
3144,1
20315,0
32630,1
41595,1
36884,0
21655,1
48733,1
6831,0
29383,1
918,1
16295,1
14405,0
48228,1
37180,1
33722,1
36430,1
39971,0
6805,1
44933,1
32335,0
28750,1
46929,1
47329,1
26229,1
28927,1
18510,1
7173,1
29444,1
4141,1
32708,0
46605,0
5529,1
7566,1
13851,1
15386,1
42953,0
14647,0
5143,1
11331,0
22389,1
23630,0
10752,1
31092,1
13256,0
12477,0
35709,1
10171,1
9129,1
2909,0
17502,1
22285,1
9830,1
7524,1
41191,0
48112,1
14856,1
24499,1
41955,1
14651,0
36171,0
20465,1
40838,1
14944,1
2333,0
30291,0
16837,1
13827,0
6390,1
47296,1
40875,1
28286,1
25672,1
9831,1
758,0
28246,0
14774,1
27427,1
22072,1
15482,0
36100,1
9891,1
4944,1
420,1
3120,1
44529,0
37288,0
4558,1
13297,1
1174,1
39441,1
8970,0
34682,1
20160,0
32254,1
34509,1
26309,1
34095,1
36907,1
2771,1
15191,1
4728,1
18952,1
18143,1
11845,1
11597,0
35349,0
28691,1
38236,1
24748,1
21932,1
34671,0
43787,1
22632,0
23075,1
31571,1
7919,0
2731,1
33661,1
35229,1
22084,1
47620,1
8264,1
2108,1
47348,0
32932,1
12730,1
9824,1
24488,1
14841,1
23627,0
1943,1
44325,1
43983,1
25869,1
45440,1
43442,1
27884,1
2872,1
19154,1
37381,1
10246,1
26470,1
47233,0
41849,0
5954,1
42651,1
28296,0
24300,1
45560,0
21577,1
135,1
45283,1
21750,1
29750,1
22664,1
33719,1
21570,1
45433,1
43285,1
17840,1
43029,0
34914,1
34352,1
38294,0
21940,0
1118,1
35283,1
5743,0
43802,1
19537,1
15234,1
7120,1
32009,1
37052,1
25993,1
17267,0
28109,1
9065,1
22854,1
5629,1
28036,0
4047,0
45510,1
40547,1
40140,1
7689,1
41455,0
12667,1
13790,1
11376,1
27662,1
9999,0
40708,0
46222,0
17424,0
43346,0
29274,1
15443,1
31560,0
42470,1
11860,1
47005,1
33179,1
44929,0
32806,0
29039,1
48529,0
11246,1
18423,1
11022,1
35491,1
19927,1
24648,1
2079,1
27933,1
16726,1
10288,1
12466,1
27705,1
27062,0
13759,1
2064,0
42486,1
48748,0
8033,0
45009,1
47944,1
42532,1
958,1
1504,1
18254,0
28228,0
17703,1
2788,0
16979,0
4500,1
43227,0
1988,1
10527,0
41275,1
13521,1
19000,1
48664,1
17577,1
21069,1
48190,1
5045,1
8035,1
5092,0
11646,0
16385,1
34775,0
12007,1
12534,1
46758,1
22150,1
19301,0
15345,0
22221,1
23618,1
15258,1
35769,1
10715,0
24839,0
42069,1
43790,0
14690,0
38558,0
25443,1
24342,1
20836,1
5137,1
28356,1
34819,1
26193,1
20287,1
26177,1
1840,0
2106,1
45863,1
46615,0
7796,1
7996,1
39205,1
13244,1
31119,1
47216,1
8070,0
15731,1
7457,0
48670,1
41971,1
644,0
24541,0
34843,1
38007,1
18482,0
13563,1
43348,1
13994,0
41932,1
25081,0
27133,1
45311,1
33621,1
29249,1
41237,1
33165,1
36554,0
22581,1
20302,1
19079,1
41689,0
4607,1
5639,1
34629,1
48007,1
40734,1
16103,1
40687,1
37124,0
42590,1
11166,1
24367,1
40044,1
557,1
15776,1
33310,1
3003,1
44553,1
2650,0
32368,1
31926,1
23572,1
39354,1
5908,1
15772,1
9878,0
37908,0
30765,0
44995,1
23843,1
34584,1
5692,1
28116,0
36123,1
20861,1
11714,1
16530,1
6699,1
10491,1
44389,1
28856,1
12868,1
22037,1
41532,1
1805,0
32862,1
44192,0
44474,0
39643,0
20734,1
38078,1
13353,1
31801,1
18438,0
31497,1
9772,1
26081,0
43092,0
14867,1
31447,0
37784,1
20719,1
11421,0
15771,1
2016,1
2689,0
11752,1
48435,0
44868,1
24421,0
35058,1
2943,1
37982,1
6983,0
36419,1
5857,1
31365,0
35178,1
46569,1
41443,1
40226,1
8029,0
23721,1
1785,1
29765,1
28907,0
3384,0
37430,1
32728,1
44920,1
42297,0
6789,1
20191,0
42214,1
28635,1
37147,1
1069,0
5418,0
11316,0
13950,1
38302,0
21802,1
11750,1
14984,1
48052,1
32206,1
31321,1
22772,1
7463,1
35377,1
14176,1
11586,1
42168,1
48740,1
17946,1
28854,1
8285,1
21742,1
12060,1
11456,0
27207,1
1245,1
44494,1
4250,1
794,1
34704,1
8855,1
1608,1
5686,1
44740,1
15552,0
46334,1
30020,1
10735,1
951,0
25270,1
18335,1
31091,0
40913,0
41620,0
34178,1
20957,1
220,1
48707,1
18608,1
40295,1
36318,0
41470,1
2900,1
3930,1
24926,1
1478,0
44146,0
45399,1
27485,0
30841,1
19350,1
35172,1
34266,0
39420,1
39307,0
2170,1
45903,0
7175,0
23490,1
44862,0
38218,1
19221,1
21670,0
46286,1
10112,1
48483,1
13409,1
10354,1
17217,1
1027,1
10533,1
15377,1
11788,1
13698,1
8925,1
8250,1
46308,1
35854,1
13595,1
6991,1
2864,0
6395,1
40097,0
39707,1
13302,1
8637,1
35476,1
15350,1
36615,0
32291,1
37577,1
37153,1
45507,0
5422,0
15135,1
18568,1
3558,1
21130,0
41928,0
7736,1
34559,1
9688,0
22724,1
48431,1
25416,1
34032,0
4204,1
39068,1
46920,1
10255,1
30571,1
43258,1
656,1
45027,0
1646,1
10582,1
24362,1
48110,0
28267,1
13206,1
26171,1
40450,1
9298,1
23944,1
22805,1
38640,1
7161,1
46991,1
24296,1
28010,1
12627,1
42144,1
26661,1
7905,1
18469,1
20006,0
7467,1
42496,1
36040,1
33106,0
2686,1
36387,1
25307,1
5545,1
23849,1
33703,1
35458,1
1852,1
5261,1
26369,1
25999,1
42838,0
15553,1
7121,0
41670,1
2278,1
29728,1
18340,1
36239,1
23900,1
6357,0
35274,1
44527,1
37346,1
29095,0
46142,1
11199,1
39125,1
10508,1
27317,1
37450,1
43629,1
29979,1
38712,1
28829,1
29077,0
17428,1
22744,0
42251,1
16493,1
39928,1
39850,0
15986,0
20250,1
37650,1
37688,1
38904,0
28065,0
16078,0
17213,1
12563,0
15945,1
36247,1
2875,0
34770,0
47673,0
15396,1
22055,1
10848,0
31564,1
42632,1
44061,1
45192,0
33510,1
35556,0
46062,0
16741,1
1154,0
11689,0
2970,1
13099,0
2647,1
35932,1
45383,1
27791,1
10656,0
14515,1
13528,1
15602,0
14206,1
10634,1
18910,1
45242,1
22412,0
1464,1
7276,1
18141,1
31414,1
40385,0
31752,1
26792,0
6190,0
16425,1
27561,0
34996,1
14801,1
33663,1
28860,1
19252,1
35044,1
20094,1
15850,1
35175,1
47886,1
37631,0
43076,0
12472,1
24964,1
39422,1
11255,1
45870,0
24550,1
12994,1
38672,0
13289,1
28734,0
15800,1
47692,1
39385,0
28440,1
40688,0
37960,0
27320,1
16787,1
22367,1
28671,0
32106,0
31886,0
19590,1
30465,0
44720,1
26604,1
39081,1
21771,1
23320,0
2915,0
32268,0
44673,1
46045,1
36935,1
34780,0
37617,1
46980,1
3400,1
14357,1
19950,1
34661,1
37822,0
22716,1
44300,1
34377,1
7521,0
12052,0
9175,1
33357,1
44952,1
25954,1
5987,1
25921,1
37309,0
6445,1
6406,1
44308,1
5925,1
20900,0
39128,0
47860,1
48592,0
12120,0
32431,1
45646,1
4217,1
47887,0
23107,1
43945,0
1948,1
44423,1
4680,1
8150,0
48612,1
18076,0
39315,1
13112,1
33423,0
14406,1
33580,1
17721,1
13789,0
13748,0
26646,0
8810,0
12880,0
9024,1
46049,1
40802,0
19416,1
14047,1
36601,1
25782,1
20469,1
2042,1
44755,1
23657,1
22252,1
35524,1
41567,1
41174,1
2524,1
18597,1
1534,1
37257,1
1782,1
5807,1
46642,1
35930,1
4628,0
42374,1
9789,1
42923,0
17038,1
32071,1
8381,1
39017,0
22631,0
15001,0
38212,0
18755,0
18086,1
9466,0
24001,0
14800,1
11765,1
32628,1
19477,0
33295,1
41088,1
31663,1
2235,1
8321,1
17962,1
16950,1
17441,1
8385,0
21620,1
43764,1
19138,1
12729,1
38357,1
37285,0
39685,0
47894,1
41273,1
3851,1
30236,1
30084,0
6345,1
35816,1
42545,1
38761,1
10094,1
34969,1
1647,1
31711,0
42847,1
45,1
12400,1
43183,1
15782,1
21942,0
6140,0
28237,0
42680,0
11203,1
41575,1
46160,0
18576,1
22004,1
6877,1
19125,1
28001,1
4212,0
42688,1
39822,1
23393,1
2196,1
8213,0
12209,1
45121,1
39018,1
14881,1
1732,0
12072,1
11648,0
33718,0
44085,1
30186,0
20567,1
12484,1
11490,1
9608,1
29849,1
17633,0
18662,0
37415,1
28203,1
13686,1
44417,1
722,0
31127,1
15455,1
37578,1
6380,1
2862,1
30206,1
48669,1
29137,1
5949,1
28849,1
32125,1
41547,1
36804,1
14141,0
45334,1
8817,1
11077,1
1719,0
24226,1
27573,1
34649,0
41531,1
32460,0
2920,0
21776,1
42594,0
43550,1
10184,1
32523,0
43090,0
27998,1
1277,1
29545,1
25602,1
33049,1
46986,1
39421,0
34913,1
33208,0
10711,1
12226,0
45622,1
32252,1
38047,1
29660,0
40008,0
19645,1
33561,1
24720,0
36857,1
4896,1
14817,1
25055,0
25308,1
22593,1
957,0
39146,1
44188,0
21532,1
2207,1
44722,1
41923,1
1834,1
4579,1
36566,0
43504,0
35791,1
39100,1
12959,0
31834,1
32809,1
40363,1
21654,1
3734,0
186,1
23738,1
37915,1
16331,1
48485,1
30383,1
11961,1
28099,1
11678,1
36022,0
3884,1
15341,0
38303,0
37160,1
8327,1
47006,0
5256,1
27654,0
11956,1
5412,1
31892,0
44666,1
33947,0
3431,1
43801,1
41905,0
5107,1
28984,0
43704,0
23454,1
22628,1
21337,1
33986,1
39239,1
1578,1
34791,1
41986,1
42353,0
32974,0
2522,1
36288,0
21687,1
6637,0
11614,1
39945,1
15976,1
8730,1
18019,0
9587,1
9131,1
34540,1
34040,1
24176,1
9102,1
36281,1
35770,1
43897,1
21183,1
26986,1
35004,0
22678,0
38697,1
28579,0
32965,1
18744,1
33289,1
18815,1
8308,1
15474,1
3286,0
5031,0
40621,1
7497,0
16914,0
14590,0
25979,1
46028,0
46785,1
32236,1
20527,1
12458,1
12494,1
39616,1
25333,1
2335,1
40397,0
13986,1
33612,0
10282,0
18078,1
36575,0
41856,1
2863,0
13661,1
7138,0
20515,0
29418,1
17684,1
18825,1
20065,0
32584,1
38413,0
12166,0
4848,1
1423,1
31163,1
1146,1
45178,0
22074,0
22646,1
39011,1
11941,1
1263,1
3567,1
24002,1
18338,1
12892,0
38679,1
42877,0
46009,0
45372,0
15869,1
35160,1
43617,1
45463,1
19059,1
31023,1
27517,0
43378,1
37207,1
12570,0
8117,0
22316,1
33865,0
32613,1
1293,1
40935,1
29942,1
26014,1
22503,1
41906,0
41655,1
13382,0
38773,1
47506,0
43079,1
44309,0
21088,1
5038,1
8112,1
4758,1
26267,1
3769,0
8494,0
1302,0
14071,0
36017,1
18722,1
16168,1
44037,0
29677,1
14583,1
36759,1
17332,0
7639,1
7674,1
17663,1
35874,0
30753,1
41309,0
39353,1
3183,1
41767,1
28594,1
43402,0
11673,1
45827,1
16353,0
45275,0
48488,0
322,1
46655,1
16289,1
7710,1
9559,1
23628,0
44102,1
27416,1
25544,1
7994,1
8183,0
26447,1
7240,1
17046,1
42197,1
40976,0
20195,1
16614,1
45580,1
40100,0
39962,1
6014,1
13624,0
1314,0
6349,0
18231,0
10522,0
39919,1
37446,1
23626,1
43289,1
5286,1
38105,0
5602,1
21427,1
14892,1
18303,1
21576,1
16233,1
7600,1
18781,1
32834,1
43964,1
16820,1
6295,0
14272,0
37795,1
9499,1
43959,1
28797,0
14792,0
36880,1
3651,1
2570,1
41909,1
16410,0
28016,1
10541,1
7273,1
4512,1
38485,1
8955,1
45693,0
36840,1
18985,1
40929,1
5093,1
23862,1
2584,1
40135,0
39339,0
12471,1
21690,1
18641,1
36642,1
39632,1
37620,1
4466,1
8054,1
46203,1
38079,1
47440,1
41251,1
28826,0
17526,0
45536,1
29864,0
23830,1
14160,1
21249,0
35660,0
25985,1
3260,0
44846,1
7576,1
31999,0
35957,1
44534,1
23978,0
46927,1
1954,1
10064,0
5612,1
34625,1
46891,1
42241,1
46946,1
8295,1
41211,0
15401,1
47357,1
22373,1
12805,0
30515,1
39459,1
15567,1
1164,1
5544,1
21311,1
48138,1
16989,0
30541,0
4561,1
46612,1
28808,1
21839,0
19028,1
7956,0
6666,1
33859,1
33910,1
46787,1
48451,1
45712,1
24858,0
48065,0
6073,1
37174,1
11415,0
14135,1
8769,1
48077,0
37323,1
37082,1
1814,1
38829,1
29160,1
20126,1
38309,0
43865,1
38535,1
34741,1
28377,1
25017,1
37088,0
33619,1
40644,1
34772,1
27208,1
16833,1
6710,1
30130,0
19747,1
4460,1
16610,1
48200,1
6976,1
31733,1
19657,0
59,1
46407,0
6476,0
20208,0
42663,0
12244,1
7593,1
26492,0
16436,1
30904,1
9585,0
8001,0
46083,1
25641,1
33078,1
19568,1
3626,1
9743,0
36196,1
40759,1
2630,1
25095,1
23045,1
42134,1
10456,1
35704,0
11810,1
20236,1
32476,1
16996,1
36329,0
20148,0
10904,0
35510,1
2860,1
15085,1
41739,0
21404,1
4160,1
22500,1
16453,1
19513,1
23745,0
35594,1
37523,1
18958,1
9996,0
9001,1
22075,1
38127,1
20343,1
38794,1
25649,1
24161,1
15375,1
14318,1
12191,1
48453,0
44466,1
29416,1
11372,1
28262,1
46263,0
19400,1
23979,1
12421,1
6530,0
44328,1
378,1
8288,0
24934,0
13178,1
22438,1
8478,1
6890,1
22671,1
39051,1
37675,1
37509,1
41161,0
37146,1
48794,1
27516,1
35576,1
17796,0
23762,1
18914,1
47714,0
19754,1
1074,1
21729,1
35976,0
37467,1
8571,0
26253,0
2747,1
10990,1
1125,0
11805,0
42394,0
8613,0
29457,1
32066,1
9646,1
10419,0
1459,0
22335,1
47553,1
27692,1
33061,1
5056,1
28240,1
21132,1
43601,1
23590,1
38921,0
38896,1
18458,0
14880,1
26545,0
10109,1
32289,0
39814,0
37367,1
210,1
47573,1
19572,1
30171,0
21990,1
37889,1
20452,1
17940,0
5511,1
44734,1
33069,1
33581,1
25848,1
40987,1
16079,1
19225,1
37348,1
23039,0
5129,0
39782,1
31170,0
6229,1
7772,1
38575,0
14859,0
36285,1
10985,1
4167,1
30565,1
25096,0
35198,1
44935,1
19454,1
32371,1
34866,1
29306,1
23428,1
34611,0
44974,1
8079,1
33396,0
29392,1
20240,1
39952,1
30977,0
17268,1
33119,0
2003,1
17499,1
9706,0
7237,1
22532,1
28148,0
5600,1
18000,1
27082,1
24940,0
2257,0
28654,0
38827,0
15206,1
2558,0
8765,1
19605,1
33413,0
42803,1
14242,1
7536,0
11869,0
15072,1
25892,1
31963,1
42681,0
29278,1
7528,0
33566,1
14512,0
542,1
22715,0
17978,1
47564,1
35632,1
17823,0
41704,1
36550,1
18801,1
21504,1
23025,0
46590,1
30633,1
27277,1
10237,1
43667,1
15489,1
34687,1
22729,1
1268,1
6284,1
21174,1
33054,1
31364,1
43554,1
42918,1
9127,1
4118,1
39097,1
28062,1
47481,1
17841,1
15578,1
41499,1
32535,1
39771,0
28778,1
8851,1
30014,0
46658,1
4741,0
528,1
10223,1
33463,1
38959,1
23305,1
21761,0
12653,1
6367,1
27899,1
16592,1
30286,0
21718,1
48419,1
11078,1
40398,1
8338,0
21721,0
14659,0
8931,0
38242,1
43722,1
17303,1
10085,1
4734,1
3331,0
35410,1
33325,1
37531,1
30922,1
35539,0
820,0
45873,0
27459,1
10326,1
33778,1
3611,1
25327,1
9637,1
42067,1
33514,1
27768,1
12271,1
26332,1
44015,0
27175,1
18337,1
42424,1
2135,0
30058,1
22114,0
16389,1
8147,0
24901,1
29523,1
26239,1
107,1
17362,0
15187,1
25458,1
30137,1
37294,1
46259,1
19009,1
24760,1
3895,1
45305,1
42019,0
1851,1
40848,1
41335,0
23419,1
10754,1
13957,1
44068,1
654,1
8682,1
43703,1
16309,1
37636,1
47577,0
16635,1
15631,0
14404,1
7351,1
3086,1
41373,0
6138,1
22452,1
10036,1
5928,1
47085,1
3662,1
11865,0
35350,1
1431,1
12381,1
36184,1
14709,1
14368,0
21397,1
4437,0
48051,0
29697,1
36590,1
14175,1
48751,0
22505,1
22048,1
1399,1
12385,1
27799,1
20822,0
19253,1
12764,1
39190,1
37699,1
29361,1
35835,1
35893,1
1256,1
40994,0
48739,1
45960,1
31418,1
44913,1
8754,1
34549,1
90,0
22989,1
15566,0
7443,1
3756,1
25298,1
16587,1
13771,1
12619,1
33443,1
39149,0
27160,0
25831,1
9415,1
5295,1
24234,0
31028,0
42347,1
32053,0
17660,1
32506,0
27670,0
34437,1
36340,1
22906,1
935,1
40801,1
40680,1
18628,0
5304,1
13166,1
363,0
45331,1
5331,1
36866,1
5161,0
32748,1
43277,1
13758,0
8928,1
46554,1
35736,1
12705,1
15780,1
26740,1
19650,0
38356,0
39950,1
34762,1
8770,1
30736,1
48397,1
47627,0
42969,0
12479,1
15166,1
31515,0
20554,1
33569,1
14875,1
40419,1
397,1
46218,0
3503,0
23919,0
25289,0
31313,1
19502,1
37809,1
35313,1
35256,1
26766,1
37854,1
21407,1
37649,1
24757,1
8520,0
39321,0
25850,1
15955,1
2328,1
7660,0
25462,1
20178,1
40829,0
29046,1
35617,0
40636,0
48365,1
13524,0
23901,1
44488,1
33389,1
28102,1
24533,0
12377,0
32110,0
10538,1
31253,1
11097,1
38811,0
34518,0
27811,0
45022,1
8974,1
42840,1
39982,1
19959,0
4786,1
12671,1
24869,1
31400,1
36354,1
1918,1
9187,0
32927,0
9475,1
46408,0
4820,0
46906,0
47679,1
33186,0
2215,0
26840,1
32414,1
2879,1
6843,0
16529,1
14744,1
35188,0
43062,1
35679,1
46405,0
46168,1
25100,1
39941,0
45020,1
30345,1
22131,1
36398,1
23608,1
15905,1
43972,1
32738,1
7147,1
11066,1
39737,0
44774,1
26842,0
4399,0
22496,1
6691,1
45793,1
36163,1
38512,1
29643,1
7453,1
35116,1
31082,0
7864,1
34955,1
47098,1
32336,1
36732,1
26802,1
33340,1
43952,1
19831,1
23513,0
22146,1
20021,1
16776,1
20192,1
648,1
21094,0
25977,1
35880,1
8915,1
33236,1
13142,1
7477,1
40253,1
47731,0
36008,0
37114,0
32362,1
14129,0
40820,0
24851,1
48725,1
9092,1
44170,1
34854,0
13403,0
43815,1
1772,1
38077,0
48792,1
45841,1
19633,1
28468,0
25227,1
25038,1
46109,0
2991,1
3981,1
5003,0
31494,1
18322,1
15014,0
3810,1
9006,0
17083,1
6402,0
29125,0
24463,1
7190,1
35202,1
9144,1
11528,1
41316,1
46356,1
48095,1
36287,0
39052,0
43404,0
9555,1
3178,1
19915,1
811,1
33582,1
47730,0
18896,1
25716,1
26949,0
39195,1
25254,1
41666,1
36147,1
25243,0
16167,0
2420,1
15587,1
42340,1
32642,0
6671,0
43466,1
1381,1
21720,1
3079,1
7021,1
23779,1
40119,1
41009,1
15189,1
47117,0
33725,0
25459,1
35813,0
20068,0
24787,1
34820,1
44937,1
47696,0
38111,1
4381,1
42718,1
12001,0
44331,1
35117,1
23587,1
208,1
21843,1
25063,0
3603,0
45974,1
35295,1
22209,1
45994,1
45718,0
17450,0
33504,1
22349,1
36504,1
24474,1
11565,0
43637,1
29590,1
7713,1
32664,1
48163,1
43452,0
3256,1
14499,1
18724,1
42397,1
6650,1
32133,1
39517,1
43128,1
5006,1
33799,1
44949,1
35199,1
15406,1
42935,1
39524,1
6412,1
30280,0
39364,1
17056,1
39888,1
3184,1
12130,1
29478,1
34622,1
19625,1
7459,1
47681,1
23462,1
5521,1
39181,1
17757,1
9049,1
48653,1
11537,0
13223,1
5344,0
29749,1
29825,1
7785,1
23453,1
47526,1
31249,1
11828,0
45633,0
29287,0
46774,1
24789,1
46808,1
12205,1
33623,1
29149,1
45713,1
33032,1
30334,0
38274,0
41449,1
35180,0
42321,1
24662,1
34394,1
2737,0
34869,0
385,1
37887,1
42723,1
19220,1
42299,0
10598,0
19395,0
16287,0
6446,1
1126,1
20312,1
196,1
42577,1
16437,1
2895,1
4599,1
48688,1
4889,0
4287,0
4622,1
35740,1
1623,1
17898,0
34658,1
48577,1
33786,1
29843,1
7046,0
23624,1
39621,1
13480,1
23946,1
24301,1
29456,1
2062,1
36397,1
5498,1
15899,1
24598,0
18752,1
41003,1
5704,0
45159,0
26261,1
8533,1
39467,0
42878,1
20122,1
16893,0
43577,1
19982,1
36846,1
13910,1
46516,0
29187,1
11500,0
28572,1
30583,1
5703,0
36442,1
2603,1
21619,0
41888,1
18144,0
17028,1
13875,1
40590,1
21665,0
38757,1
41051,0
28297,0
13,1
15988,1
22676,1
5234,0
16489,1
44006,1
41783,0
2230,1
23336,1
1036,1
47097,0
10515,1
32666,1
34268,1
31011,1
7826,1
30628,0
19875,0
36786,0
39967,1
19588,1
46080,1
16413,0
7920,1
27129,0
22803,1
8696,1
5244,1
8191,0
12232,0
36522,1
46067,1
35070,1
39624,1
23350,1
23184,1
23019,1
15967,1
22969,1
499,0
36888,1
15672,1
18529,1
12507,1
36787,1
30650,1
2183,1
33000,1
2046,0
7753,1
11696,0
44374,1
7770,1
35012,0
23740,0
4104,0
21364,1
40325,0
22069,1
7149,1
31462,1
10570,1
30037,1
32162,1
46272,1
2411,1
536,1
14041,1
16478,0
31233,0
1637,1
41350,1
35422,1
32515,1
19410,1
33200,1
44409,0
12426,1
15865,1
4871,1
5016,1
45209,1
15170,1
42139,1
21628,1
32565,1
94,1
16947,0
21348,0
44002,1
13492,1
13449,1
48537,1
11726,0
14326,1
3879,0
11557,0
45515,1
35444,1
27131,1
31150,1
47228,0
11582,1
34511,1
10275,1
15153,1
14412,1
18732,1
2799,1
18971,0
8775,1
620,1
26032,1
46143,0
14516,1
12986,1
7272,1
35100,1
46033,1
14122,1
25187,1
24423,1
20927,0
39476,1
7300,0
19807,1
31015,1
21014,1
37530,1
29514,1
40141,1
26418,1
39380,1
13402,0
41494,1
26908,1
32420,1
20468,1
7202,1
41033,1
19363,1
1897,0
30587,1
33138,1
29992,0
33907,1
34160,1
24033,1
24393,1
25908,0
27860,1
20494,1
4219,1
30528,1
45101,0
13414,0
24657,1
25253,1
30767,1
44107,0
18929,1
20917,1
11855,1
9271,1
3515,0
15699,0
40931,0
13632,0
47841,1
10203,0
32043,1
176,1
8389,0
36046,0
461,1
20855,1
44714,1
27385,1
14087,0
46570,1
601,1
12010,0
6322,1
31290,1
2540,1
46019,1
10376,0
37408,0
14275,0
44728,0
38861,1
3119,1
39874,0
16973,1
27005,1
20403,0
14303,0
8394,1
4275,0
34737,1
31710,0
24831,1
46574,1
36773,0
31609,1
1299,1
24972,1
6742,1
16047,0
5846,0
27508,1
19748,1
11900,1
32945,1
36805,1
33264,1
24674,1
2125,1
47002,1
7901,1
17233,1
7488,0
45051,1
4144,0
16564,0
43878,1
26897,0
8573,1
2067,0
33540,1
17465,1
40727,1
28483,1
12320,1
10145,1
29437,1
42404,1
12899,1
18046,0
41976,0
5200,1
43398,1
26482,1
44057,1
7508,1
23863,1
7537,1
36824,1
15996,0
22888,0
21612,0
22498,1
33224,1
4612,1
36964,0
41246,1
15810,1
28946,1
44591,1
26662,1
22160,1
30284,1
39677,1
38908,1
365,1
26326,1
47657,1
35666,1
20715,1
23800,0
10028,1
43376,1
10157,1
33712,1
34289,1
5468,1
43665,0
3197,1
31393,1
418,1
3868,1
36449,0
7338,1
18008,0
19231,1
47993,0
18270,1
43448,1
6827,0
32783,0
16875,0
8717,1
34493,1
15276,1
17210,1
9447,1
14200,1
18817,1
4146,1
47780,1
41822,0
15523,1
18587,1
41819,1
41708,0
23111,1
19303,0
25545,0
43024,1
25138,1
8176,1
40430,1
32013,1
27856,1
6104,1
36167,1
29549,1
29967,1
30602,1
8941,1
18062,0
29352,1
10901,1
40427,0
120,1
31472,1
32634,0
7377,1
42038,1
5055,1
3463,0
7349,1
29993,1
32559,1
40981,1
8401,1
44539,1
15230,1
26198,1
1025,1
19669,1
33371,1
12547,1
21915,0
38950,0
28947,0
3066,1
29097,1
25010,1
43093,0
41062,0
38890,1
26349,1
19216,1
36608,1
9132,0
24734,1
37542,1
9159,0
17706,1
27418,1
29506,1
28993,1
13651,1
17673,0
13527,1
48418,1
33191,1
1989,1
28571,1
10186,0
39565,0
44046,1
20174,1
26734,1
42086,1
33996,1
494,1
34298,1
38699,1
28538,1
45583,1
33311,1
2733,1
47587,1
29764,1
17206,0
13272,1
41748,1
4770,1
25695,0
45282,1
10746,1
1060,1
39678,1
45265,1
25859,1
47363,1
31928,1
16046,1
33919,1
31456,1
38071,0
19082,0
2188,1
37853,1
9087,1
8596,0
4837,0
19710,1
3305,0
41179,1
8706,0
41008,1
46492,0
38518,1
13842,1
26338,0
12292,1
37943,1
31701,1
16245,1
21057,1
47683,0
9960,1
16604,1
46391,1
18634,0
198,0
4242,1
31957,0
34494,1
11509,1
46733,1
46839,1
13905,1
25383,1
34902,1
286,0
1690,1
15624,0
6146,1
30440,0
1969,1
25787,1
30861,0
17260,0
31453,1
19863,1
27999,1
10565,1
43342,0
6434,1
41387,1
9346,1
38128,1
45540,1
6005,1
35590,1
30810,1
25675,1
25520,1
15159,1
41604,1
35343,1
32784,1
18734,1
35332,0
33740,1
16711,0
21145,0
22594,1
42089,0
5687,0
2774,1
17619,1
14718,1
45610,1
1899,1
762,0
29357,1
4497,1
6770,1
9378,1
25744,1
5119,0
18211,1
7044,1
22980,1
5978,1
9235,1
13635,0
31417,1
46177,1
47932,1
10663,1
36520,1
25207,0
33650,1
12384,1
16372,1
12585,1
29339,1
12356,1
33031,1
502,1
24254,1
3833,0
42856,1
24864,1
29721,1
9190,1
28802,1
5110,1
20106,1
34574,1
11598,1
32075,0
22771,1
9196,0
36940,0
42971,1
22033,1
43680,1
2157,1
14907,1
31715,1
1747,1
39248,1
872,1
37135,0
30498,0
14363,0
31725,1
8842,1
42217,1
44355,1
11160,0
36619,1
23971,1
46341,1
3433,1
37132,1
18496,1
21899,1
39036,1
24867,0
18291,1
7011,1
9604,1
17223,1
20048,1
160,0
47159,1
14436,1
22745,1
35375,0
17068,1
5499,1
4184,1
1284,1
32129,1
17912,1
377,0
38140,0
5343,0
27506,0
47153,1
31912,1
31589,1
37053,1
23272,1
26870,1
9176,1
12813,1
20562,1
11984,1
43261,1
12049,1
8410,1
15541,1
33479,1
43555,1
2358,1
48099,0
37491,0
13186,0
11954,1
20271,1
24889,1
18636,1
8169,1
23902,1
18683,1
10850,1
37435,0
41156,1
17846,0
15862,1
750,1
43056,1
38028,1
28842,0
15031,1
10925,1
6191,0
10568,0
22804,1
21333,0
25220,1
22893,1
14118,1
20945,0
41487,1
24159,1
42017,1
18541,1
25853,1
44096,0
15032,0
19285,1
25965,0
33689,0
25047,0
5735,1
41125,1
28443,1
46798,1
6689,0
45276,1
18862,1
6397,1
25048,0
24685,0
16162,1
3014,1
2685,1
10124,1
47428,0
5210,0
36558,0
39574,0
17785,1
48741,1
18939,1
44475,1
44653,1
13830,1
42435,1
9671,1
19804,1
10870,0
42074,1
20922,1
45629,1
36028,0
45548,1
17040,1
37684,1
44793,1
3635,1
7102,1
32121,1
12481,1
22344,0
1940,1
10093,1
31279,0
27920,1
10495,1
32771,1
38351,1
7319,1
3809,1
40691,1
26633,1
14556,1
9717,1
34387,1
5661,0
47705,0
5205,0
23552,1
10410,1
43386,1
43202,0
10347,0
8911,1
42088,1
41812,1
29751,1
37678,1
5365,1
1160,1
47124,1
23331,1
44317,1
17602,1
47009,0
37486,0
19841,1
20257,1
31672,1
13617,1
14779,1
39790,1
17800,1
43481,0
25871,1
1842,1
14602,1
6719,0
20222,0
10267,1
1541,1
36699,0
42322,1
8203,1
33461,0
26955,0
43978,1
22847,1
4273,1
9543,1
17770,1
47213,1
1410,0
45188,1
44598,1
24414,0
15096,1
37158,1
14717,1
32640,1
21473,1
9730,1
43385,1
19064,0
43942,1
2094,1
28570,1
35985,1
4438,0
30233,1
46521,1
21505,1
1472,1
38000,1
22005,1
38500,0
24744,0
45913,1
42595,1
24284,1
30341,1
24134,1
8473,0
21453,1
36372,0
11222,1
35644,1
12448,1
3273,1
2941,1
27374,1
45120,1
26456,0
16055,1
44295,1
41442,0
42910,1
10943,1
39428,1
27616,1
46005,0
8075,1
40085,1
28819,1
10258,1
21363,1
34999,1
33414,1
10058,1
23895,0
3553,0
44209,1
33059,1
5753,1
7726,1
40083,0
18068,1
22313,0
8935,1
28967,0
22582,1
37881,1
26609,1
253,1
17009,1
39736,1
14453,1
35266,1
8477,1
21122,1
11023,0
26188,1
32186,0
28926,0
36873,1
2307,1
2262,0
46377,0
38760,1
5293,1
22497,1
38065,1
22138,1
31695,1
22578,1
24578,0
1203,1
38687,0
11392,1
26793,0
10170,1
28706,0
15600,1
39493,1
23597,1
40198,1
17886,1
8052,1
48624,1
1864,1
16960,1
6998,1
17287,0
43016,1
11014,1
48333,1
22743,1
955,0
28968,0
32132,1
1321,1
48196,1
2533,1
37252,0
23252,0
30719,1
10518,1
9636,0
12620,1
24187,1
25124,1
26944,1
14452,0
29788,1
355,0
45747,1
1442,1
22767,1
21664,1
27408,1
36978,1
37554,1
5772,1
22683,1
6304,1
29960,1
42637,1
42806,1
41441,1
23249,1
45122,1
1473,0
15535,1
4101,0
2999,1
31768,1
46813,1
31134,0
11369,1
13589,1
40514,1
14060,1
47252,1
24040,1
7018,1
29896,1
17328,0
24377,1
40641,1
38344,1
282,1
7066,0
27524,1
44773,1
10887,1
31810,1
35715,1
25245,1
17310,1
34259,1
46904,1
33132,1
5357,1
36020,1
5280,0
7607,0
7420,0
9139,1
48372,1
15296,1
37019,1
29467,1
35247,1
21455,1
16238,0
46184,1
17030,1
7530,1
85,1
46285,1
39932,1
39688,0
2878,1
24749,1
35866,1
5165,1
39614,1
26103,1
23845,1
11712,0
33452,1
43153,1
10396,1
35702,1
2549,1
29797,1
15635,1
21660,1
25218,1
4115,1
27025,1
30584,0
14599,1
23295,0
3324,1
45698,1
28473,1
24973,1
16883,1
37816,0
20040,1
37372,1
46481,1
23246,1
35753,1
21217,1
30103,1
8525,0
46406,1
31517,1
28424,1
22100,1
9610,1
13037,1
30327,1
11505,0
7367,0
7150,0
19289,1
17404,1
41664,0
1748,1
26702,1
29181,0
19714,0
504,1
48219,1
4739,1
15091,1
15829,1
39311,1
32168,1
7550,0
38219,0
16104,1
35447,1
44388,1
17357,1
23445,0
21089,1
24380,1
4667,1
16468,1
46714,1
13218,1
23795,1
31299,1
19619,1
27730,1
45694,0
34341,1
46816,1
30654,1
31009,1
7525,1
42050,1
3436,1
26774,1
3526,1
995,1
29678,1
41425,1
10945,0
9137,1
38573,1
24,1
33475,1
18022,1
3947,1
44276,1
325,1
5689,0
4341,0
21870,0
19745,1
12093,1
14612,0
5875,0
31833,1
27335,1
43707,1
27012,0
35474,1
19980,0
28310,0
3958,1
24884,1
1715,1
34892,1
34246,1
1189,1
28961,1
44073,1
5486,1
24641,1
25511,1
10765,1
2598,1
48673,1
41741,1
17061,1
40553,1
41190,1
36297,1
24791,0
15713,1
7738,1
43320,1
10346,1
24564,1
31767,1
37875,1
20574,1
18645,1
29351,1
16439,1
8733,1
8936,0
17780,1
19686,1
29256,0
46834,1
1482,0
6757,0
5227,1
40910,1
47919,1
44543,1
44259,1
3449,1
10514,1
29011,1
16189,1
19756,1
7260,1
4906,1
42058,1
35383,1
30298,1
5655,1
43387,1
15970,1
38099,1
2914,1
25660,1
44516,1
36260,1
25560,0
22920,0
23835,1
31846,0
19383,0
14938,1
27857,0
4503,1
33684,1
26053,1
26526,1
40482,0
43124,1
13321,1
32776,1
18639,1
42454,1
42436,1
36862,1
18436,1
37565,0
11699,1
32372,1
24480,1
2640,1
10896,1
4301,1
2902,0
24589,1
47862,0
4651,1
12968,1
32097,0
29537,1
43538,1
9939,0
39179,1
3258,1
33101,1
35960,1
25828,1
29220,1
27600,1
41541,0
38370,1
30472,0
19948,1
40906,0
6541,0
41401,1
6403,0
5299,1
36747,0
13920,0
26286,1
3696,1
13966,1
11137,1
47855,1
16294,1
48621,1
21706,1
628,0
38603,1
30597,1
13954,1
23052,1
37751,0
7532,1
35173,1
41690,1
24764,1
9458,1
30096,1
47818,1
41347,1
39383,1
40822,1
16455,0
30520,0
15472,1
35887,0
803,1
39139,0
25680,0
9372,1
44249,0
40361,1
7368,1
33180,1
47173,1
3070,1
13805,0
18540,1
21416,1
4973,1
15244,0
40877,1
15725,1
30246,0
28406,1
42759,0
29783,0
30067,1
41729,1
37398,0
32086,0
11842,1
17854,1
35404,1
48518,1
19919,1
8031,0
37985,1
44444,1
23497,1
2955,0
32088,1
46421,1
27407,1
631,0
38440,1
30195,0
28070,1
36838,1
22860,1
44203,1
37625,1
3077,1
4908,0
26608,0
30270,0
5523,1
28007,1
23789,1
18006,1
47743,1
19840,0
544,1
28365,1
33705,1
7557,1
14927,0
11241,1
32916,1
40505,1
32978,1
39715,1
4222,1
20115,0
31003,1
11871,1
33520,1
23494,1
9080,1
5855,0
13372,1
17795,0
5555,1
35713,0
11794,0
31465,1
3654,0
3630,1
43517,0
38840,1
35735,1
40770,1
21080,1
30293,1
4249,1
45279,1
24887,1
35577,1
23468,0
31383,1
36475,0
16826,1
28486,1
15884,1
12000,1
6634,0
14243,1
3915,1
47494,1
613,1
6808,1
16597,1
37676,1
30412,1
558,1
7598,1
22314,0
35593,1
24171,1
3806,1
38741,1
15400,1
15106,0
21982,1
21603,0
8376,0
15766,1
31640,1
16761,1
9274,1
31948,1
45984,1
47630,1
33063,1
12553,1
32797,1
46305,1
26628,1
24072,1
6257,1
14909,1
29880,0
32730,0
9734,1
35008,0
36571,0
29200,1
37655,1
2742,1
10241,0
15793,1
9019,1
3842,0
2350,1
29041,1
2718,1
26935,1
18901,1
44554,0
38823,1
15368,1
12101,1
4149,1
20137,1
42380,1
9973,1
46956,1
10472,1
47715,1
2446,1
42281,1
10694,1
30834,1
33668,1
43221,1
26928,1
6866,1
7968,1
13405,0
48267,1
16965,1
45578,1
32355,0
14194,0
32416,1
23783,0
43877,1
33628,1
45979,0
14478,0
17631,1
21246,0
13109,1
10727,1
37455,1
14660,1
8892,0
21190,1
18040,1
45814,1
16710,1
19883,1
6102,1
35865,1
35472,1
23987,1
33344,0
9312,1
41120,1
2555,1
48757,0
28633,0
36663,1
44501,1
46683,1
30940,1
4136,1
13610,0
24021,1
8648,1
33747,1
35077,1
16108,1
43455,1
17492,1
27916,1
17467,1
44027,1
1099,1
41210,1
6196,0
5826,1
24022,1
17469,0
30763,1
27212,1
21304,1
47783,1
43394,1
18715,0
12013,1
6413,1
8663,1
43781,1
4583,1
43015,1
33887,1
16180,1
9746,1
38396,1
19829,1
18197,0
18072,1
24908,0
5658,1
42870,1
37376,1
21054,0
39064,1
18754,1
7977,1
13404,0
37539,0
22833,1
6686,0
7768,1
30213,1
8645,1
2383,1
11698,0
26762,1
14358,1
29118,0
9373,1
43892,0
7425,1
28426,1
48148,1
43161,0
1935,1
16817,1
22867,1
43591,1
18127,0
8807,1
28366,1
47280,0
9528,0
4991,1
22371,0
39400,1
20915,1
35130,1
21448,1
27912,1
16617,0
41998,1
8962,0
36892,0
35537,1
23746,1
30855,0
12509,1
31257,1
38529,1
18032,1
16003,1
39792,0
807,1
19594,1
17309,0
41000,0
9727,1
10744,1
36447,1
5621,1
7106,1
30660,0
20520,1
34527,0
39360,1
11563,1
47708,1
20079,0
19527,1
16187,1
9751,0
19743,0
16186,0
13087,0
7633,1
32407,1
12073,1
21454,1
45401,1
16743,0
39961,1
5032,1
15251,1
13259,1
8607,1
31728,1
45807,1
29663,0
47628,1
70,1
7183,1
7294,1
1119,1
14904,1
24152,1
14224,0
19213,0
35140,1
6149,0
9617,1
37498,1
1746,0
24082,1
39187,1
44009,0
2858,1
41244,1
45893,1
13575,1
30163,1
47101,1
32675,0
37312,1
21551,1
2144,1
15463,1
46898,1
41630,1
4571,1
29303,1
8713,1
43609,1
5002,1
48545,1
44918,1
19968,1
22171,1
25303,0
35297,1
14502,1
23930,1
1808,1
5421,1
21862,1
1400,0
44798,1
15478,1
20499,0
15992,1
45820,1
974,1
7195,1
19986,0
29377,1
24411,0
47420,0
43928,1
44281,1
14972,0
240,0
34438,1
6044,0
23686,0
4161,0
11579,0
24263,1
7143,1
33882,1
25790,1
40372,1
44545,1
33111,1
37694,1
556,1
965,0
11210,1
19118,1
40855,1
29177,1
21556,1
34380,1
35876,0
26913,0
19373,0
23488,1
22810,1
3836,1
19808,1
1994,1
21286,1
1078,1
24812,1
38835,1
34966,0
19184,1
15186,1
7151,1
41570,1
150,1
12296,0
11697,1
16663,0
32695,1
43095,1
10180,1
29860,0
3678,0
4252,1
2082,1
48461,1
2501,0
43900,1
28418,1
26830,1
42560,0
14573,1
25363,1
23470,0
21419,0
41036,1
47389,1
30676,1
37710,1
27163,1
20591,1
31341,1
32073,1
41140,0
34103,0
19762,0
19560,1
21026,1
21663,1
27671,0
14496,1
25463,0
16260,1
18532,1
10414,1
23781,0
2056,1
28209,1
37833,1
37273,0
46395,1
27598,1
31615,0
23605,1
36070,1
46711,0
24199,1
45947,1
39157,1
18810,1
39483,1
27288,1
30051,0
30101,1
32393,1
15277,1
39751,1
18844,1
42254,1
29801,1
28395,1
42306,1
41218,1
31876,1
20331,1
10158,1
4445,0
3024,1
9808,1
46428,1
43962,1
14344,1
15577,1
8562,1
38837,1
14850,0
7219,1
11909,1
30871,1
35525,1
5796,1
40540,1
13931,0
2638,1
27518,1
41680,1
35907,1
24969,1
13264,0
33406,0
5030,1
19402,1
10771,1
38960,1
33393,1
38943,0
29869,0
9191,1
40896,1
19169,0
47623,0
8556,1
25056,0
33358,1
506,1
14530,1
23545,1
45539,1
42684,1
26472,1
19734,1
18288,1
35465,0
6556,1
18415,1
36489,1
38991,1
4774,0
3914,1
20206,0
4332,1
2734,0
32049,0
1774,0
23716,1
19424,1
11454,1
10997,1
32480,1
37690,0
47116,1
37429,1
45482,1
36631,1
24247,1
36431,1
43992,1
11328,1
15627,1
13601,0
30371,1
30398,0
22318,0
5154,1
29250,1
34167,1
9514,1
9194,1
2730,1
13591,1
4827,0
3073,1
14298,1
48097,1
1367,1
35154,1
47972,1
5491,1
12721,1
2214,1
30885,1
10756,1
6396,1
618,1
29816,1
35599,1
6143,1
20177,1
46498,0
3395,1
44128,1
44758,0
46510,0
28037,1
45991,1
43245,0
7325,0
40623,0
32803,0
30854,1
559,1
40856,1
387,1
27348,1
17889,1
5710,0
14099,0
2421,1
37613,1
28649,1
13863,1
20854,1
15923,1
20907,0
33388,1
43325,1
9040,0
25251,1
15527,1
48102,1
38769,0
22058,1
47588,0
40356,1
34122,0
11517,1
33240,1
15501,1
44633,1
39378,0
46300,1
47336,1
15451,1
39323,1
36265,0
8864,1
25451,1
48568,0
6310,1
20429,1
4782,1
13930,1
26537,1
39580,1
31458,1
36812,1
44129,1
24687,1
12316,1
44512,1
29293,1
5911,1
18187,0
48432,1
22020,1
36864,1
37657,1
36219,1
5546,1
21493,1
10455,0
18245,1
35827,1
25902,0
3571,1
33041,1
32580,1
33965,0
12184,1
29897,1
10262,1
22124,1
15099,0
17219,0
34760,1
41128,1
5236,0
19920,0
41703,1
16308,1
3763,1
27269,1
30727,1
9188,1
48013,1
22546,1
40321,1
41941,1
1300,1
6131,1
30630,1
34933,0
37002,1
39801,0
18412,1
39198,1
8894,0
20383,1
5610,1
775,1
2544,1
6496,1
9871,1
46245,0
46251,1
7588,1
9747,1
21624,1
18506,0
7675,1
5399,1
10980,1
11314,0
12879,1
20959,0
3032,1
22667,1
19733,0
35209,0
7035,1
36584,1
22806,0
44212,1
31485,0
39416,1
24588,1
33660,1
2477,1
5243,1
31940,1
37593,1
29470,1
38289,0
41207,1
3193,0
45062,1
34150,0
21728,1
30002,1
34199,1
1995,0
1159,0
14024,1
24090,1
13004,1
7214,0
8258,1
46402,1
29083,1
13824,1
15346,0
46454,1
30039,1
9572,1
29564,1
38355,1
21134,1
11015,0
43795,1
13717,0
2437,1
7034,0
4765,1
25244,0
31141,0
22751,0
15664,1
27139,0
29631,1
852,0
44993,1
20394,1
12485,1
17164,0
6716,1
37830,1
34817,1
32553,1
11837,0
23129,1
9956,1
39484,1
35364,1
17059,0
8726,1
18903,1
1265,1
44411,1
38714,0
8821,1
35774,1
2001,0
46075,1
22996,0
27389,1
44816,1
19263,1
48336,1
22014,1
31942,1
1999,1
11453,1
6653,0
14863,1
14868,1
31736,0
29052,1
6207,1
346,0
48778,1
28789,1
42063,1
19324,1
5868,1
1376,1
14170,0
7831,1
26753,0
1942,1
35680,1
38833,0
22460,1
20808,1
40563,1
9202,1
1105,0
8627,1
20052,1
109,1
48342,0
12281,1
29362,1
18930,0
32111,0
3356,1
26616,1
47189,1
20639,1
15500,1
46685,1
1752,0
16226,1
24376,1
10911,1
11319,1
1946,1
26329,1
48616,1
47331,1
8780,1
27828,1
14052,0
46806,1
38153,1
37104,0
16161,1
42638,1
26748,0
7742,1
42564,1
46670,1
11167,1
4911,1
35734,1
36908,1
5050,1
40748,1
27299,1
29748,0
41908,1
32616,1
4677,1
437,1
5660,0
43297,0
43616,1
16008,0
33592,1
12159,1
46593,1
37547,0
13061,0
11488,1
32638,1
29871,1
42966,1
31554,1
38814,1
7838,1
32502,0
46600,1
12021,1
45518,0
23232,0
13876,1
1289,1
16841,0
2496,1
19326,1
28820,1
19799,1
29376,1
21766,1
45067,1
9451,1
9461,1
36682,1
40357,1
29735,1
20213,1
15752,1
26502,1
16538,1
46152,1
24553,0
42156,1
4395,1
37427,0
16374,0
3103,0
21046,1
32818,0
19318,0
33428,1
1759,1
15959,1
24782,0
15103,1
12210,1
1056,0
35871,1
31133,1
22079,1
8182,1
26893,1
15100,1
18938,1
17070,1
23611,0
3832,1
30669,1
37230,1
21476,1
27113,1
10409,1
39545,1
36882,0
12257,1
43450,1
9927,0
40205,1
18891,1
41379,1
924,1
32318,0
44387,1
46708,1
21769,1
944,0
23292,0
5764,1
7083,1
42641,1
24981,0
11796,0
28710,1
32540,1
2933,1
48172,0
21394,1
48744,1
4346,1
45847,0
29699,0
25344,0
9214,1
28522,0
41001,1
47562,0
32265,1
19583,1
8341,1
10812,0
38087,1
25430,1
38021,1
48475,0
33166,1
13741,1
41317,1
28658,0
39561,0
24066,0
35922,1
16310,1
2451,1
7578,1
18833,1
15937,0
29976,1
39819,1
32306,0
9764,1
33229,1
30428,0
25776,1
17439,0
18500,1
41854,1
34317,0
28320,1
8290,1
29844,0
41193,1
26155,1
16521,1
21244,1
41195,1
22668,0
42111,1
31792,1
30505,1
39324,0
29366,1
36315,0
46793,1
10273,1
12105,1
27473,0
11645,1
3773,1
38494,1
14829,1
13769,0
20994,1
23161,1
12724,1
39012,0
598,1
48563,0
17273,0
6236,0
22933,1
38486,1
4902,0
35829,1
40972,1
2656,1
24283,1
42617,1
48838,1
18763,0
27956,1
36988,1
28314,1
41297,1
14617,1
7129,0
29887,1
38298,1
24931,0
26233,1
15113,0
32425,1
33831,1
6340,1
407,1
3189,1
3740,1
34413,1
46938,1
31101,1
18875,0
23338,1
33102,1
7879,1
5405,1
20680,1
6738,1
20873,1
29923,0
22125,1
7861,1
37025,1
43054,1
6421,1
11205,1
44779,1
15609,1
29001,0
39627,1
29042,1
25387,1
12094,0
2323,1
20615,1
25154,0
8487,0
1384,1
18737,1
19701,1
38744,0
45817,1
18945,1
16526,1
24017,1
27361,1
38335,1
6853,1
23388,1
190,1
12559,0
29193,1
38530,0
1291,1
8281,1
18661,0
34134,0
29115,1
24545,1
7047,0
2487,1
31647,0
30882,1
38857,1
45750,0
37572,1
20322,1
14531,1
24871,0
43553,1
8120,0
33321,0
36849,0
45901,1
27053,0
12591,1
15768,0
13625,0
47790,1
4550,1
8195,0
27532,1
9253,0
35614,1
15700,0
22206,1
37763,1
47344,1
20167,1
21019,1
45424,0
8030,0
4116,1
43828,1
4869,1
5495,1
24344,0
12260,1
44348,1
17929,1
20158,1
38498,1
11784,1
18457,1
48327,1
42387,1
37923,1
6458,0
14423,0
35286,0
4668,1
34430,1
13900,0
17410,0
42885,1
36578,1
25624,1
37064,1
10343,0
871,1
19996,0
44433,1
10881,1
39014,1
22434,1
13162,0
12295,1
17177,1
27114,1
2715,1
48444,1
35958,1
5322,1
38336,1
37021,1
7441,0
7967,1
4208,0
41489,1
40344,0
9238,1
31809,1
26548,0
22918,1
46945,1
2368,1
16249,1
33259,1
30626,1
18485,0
16912,1
47390,1
31085,0
41165,1
36707,1
11844,1
2247,0
13491,1
29837,0
38834,1
8559,1
22679,1
34565,1
44836,1
32198,1
301,1
13381,1
20139,1
33916,1
33810,0
13298,0
16588,1
4076,1
22997,1
36325,1
31838,1
42709,1
33370,1
4789,1
21107,1
8835,1
16141,1
36672,1
33483,0
29402,1
44506,1
33939,1
18229,1
21308,1
26868,1
6663,1
47580,1
37513,1
22519,0
41242,1
16974,1
30693,1
7210,1
29323,1
30494,1
44075,1
20685,1
18767,1
16892,0
31159,0
37823,1
24084,0
48227,1
36713,1
10761,1
31817,1
4283,1
45792,1
406,1
17333,1
11479,1
8166,0
38927,1
33207,1
7158,1
36274,1
46059,1
22338,1
14668,0
16656,0
30760,0
31232,1
37001,1
6114,1
33651,0
20539,1
45470,0
3358,1
47615,0
31718,0
23239,1
39235,1
31259,1
22884,0
15294,1
19409,1
18749,0
12138,1
31630,1
25579,0
31022,1
40799,1
33139,1
19218,1
29117,1
27519,1
1841,0
31545,1
23415,1
19139,1
18674,1
18098,1
6729,0
44783,1
20401,1
30638,0
42783,1
17446,0
21155,1
36451,1
4929,1
41627,1
45405,1
37371,1
40423,0
8805,0
7943,1
41249,1
1014,1
23529,1
39243,1
46730,0
40332,0
26112,1
48602,1
44688,1
12923,1
47604,0
27287,1
38026,1
40092,0
9989,0
11850,1
13658,1
40959,1
32450,1
4340,0
13549,1
41372,1
458,1
6563,0
43434,1
17126,1
25668,1
23195,1
33557,0
27883,1
9541,0
26693,0
44383,0
40067,1
19391,1
393,1
28564,1
14671,1
1497,1
43858,0
33720,1
28980,1
47274,1
5922,0
38907,0
26880,1
47134,0
39757,0
15070,1
12161,1
43915,1
26711,1
8081,1
26805,1
20848,1
18965,0
18617,0
14491,1
33476,1
3726,1
16685,1
32676,1
46842,1
554,0
47247,1
32894,0
32067,1
43948,1
6415,1
17359,1
10819,1
45464,1
2353,1
18878,1
14514,0
35703,1
20398,1
21058,1
47523,1
42687,1
37769,1
40173,1
36605,1
15143,1
17449,1
15974,0
35905,1
24918,1
39640,1
45779,1
15088,1
24173,1
18486,1
22794,1
23368,1
394,1
8677,1
42894,1
44865,1
18658,1
8442,1
41077,1
13836,1
38247,1
29378,1
8736,1
23403,1
2789,1
7440,1
28574,1
34058,1
15555,1
44484,1
29109,0
36256,1
47665,0
38860,1
8111,0
18073,0
16995,1
24133,0
12347,1
13277,1
36307,1
30773,1
1893,0
5525,1
32563,1
16251,1
1313,1
184,0
38661,0
10306,0
36758,1
14582,1
48217,1
43622,1
11811,1
16693,1
18213,1
1734,1
32674,1
40172,0
37410,1
12031,1
34742,1
1055,1
36961,1
25650,1
44145,1
22759,0
1368,1
4866,0
8491,1
6262,1
2076,1
18962,0
12676,1
747,1
14877,1
5156,1
21137,0
31814,1
5034,1
25439,1
8833,0
24567,1
15756,0
1525,0
28816,1
42644,1
28606,1
12104,1
28843,1
43979,1
9030,1
37640,1
3572,1
39523,1
17196,1
32539,0
4829,1
11620,0
33116,1
34175,1
6651,1
3487,1
634,1
6176,1
6083,1
6747,0
40536,1
19003,0
7535,1
21114,1
18002,1
2722,1
13947,1
25910,1
5424,1
40045,1
7103,1
16216,1
32301,1
28613,1
41376,1
30247,1
9919,1
44134,1
41663,1
14665,1
1306,1
8997,0
21716,1
2103,1
3655,1
21501,1
24853,1
13227,1
47582,1
41030,1
960,0
560,1
20887,1
839,0
20856,1
30114,1
34369,0
10623,1
11868,1
9622,1
12998,0
7685,1
37368,0
37074,1
23560,0
43380,1
7031,1
32500,1
8382,1
22008,1
8721,1
20332,1
46818,1
3751,1
29829,1
23891,1
34898,0
34624,0
43543,1
14282,1
10937,0
28883,0
29672,0
31914,0
39612,1
5095,0
16176,0
34467,0
3831,1
18191,1
12239,1
13341,1
43332,1
2357,1
12125,1
9593,0
34155,0
32574,1
8361,1
44187,1
3785,0
32952,1
9966,1
1919,1
5108,0
27356,0
27837,1
36845,0
8304,0
1364,0
26813,0
9388,1
26902,1
18948,1
21816,0
23426,1
7036,1
32285,1
1242,1
37191,0
39027,1
41213,1
41225,0
16546,1
41282,1
22857,1
20933,0
44713,0
22121,0
37185,1
7314,1
44359,1
4840,1
9173,1
29156,0
27958,1
19474,0
31419,1
24646,1
23818,1
1762,1
28904,0
13378,1
10490,1
9591,1
2750,1
21163,1
19012,1
20042,0
16376,1
20369,1
29642,0
15625,0
38013,1
26695,1
20995,1
35467,0
39564,0
31604,1
13246,1
30613,1
7222,1
25748,1
12586,1
13270,1
14225,1
22380,1
40319,1
33839,0
46060,1
41658,1
21928,1
15642,1
14663,0
39376,1
32117,1
27637,1
48032,1
17570,0
44039,1
32482,1
37059,1
8747,0
29874,1
35671,1
14914,1
16183,1
14506,1
11849,1
34271,0
89,1
28869,1
24014,0
20487,1
1173,1
26015,1
36635,1
4413,0
9981,0
45764,1
23719,1
22795,1
48730,1
20671,0
10574,1
35578,1
35870,1
38195,1
12343,1
4644,1
48234,1
23398,1
33299,1
25158,0
36160,0
20628,1
41167,1
24075,0
15266,1
20768,0
8949,1
45335,0
11982,1
2032,1
30546,1
27176,1
8561,1
15229,1
23190,1
27819,1
37969,1
44889,0
998,1
38311,1
17608,1
31191,1
17645,1
40124,0
17561,1
7174,0
19584,1
2854,0
33554,1
29890,1
18345,1
3631,1
46422,1
27652,1
38777,1
15061,1
35369,0
17221,0
33335,1
27877,0
29846,1
39174,1
24316,0
23886,0
5738,0
9779,1
28379,1
30282,0
16317,0
47108,1
15144,1
3282,1
30756,1
9596,1
24604,1
8517,1
47688,0
12929,0
26487,1
29636,0
44869,1
12416,1
31361,1
10190,1
44337,1
16502,1
40174,1
25730,1
15589,1
21090,1
29482,1
34842,0
43163,1
37212,1
41240,1
28966,1
7729,1
32478,0
31403,1
12002,0
41141,1
34829,1
19818,1
34206,0
48034,0
29031,1
17146,1
5617,1
27849,1
26159,0
11252,0
38666,1
41915,0
35450,1
32190,1
29423,1
31998,1
38792,1
37606,1
2888,1
25823,1
6575,1
30646,1
33245,0
9427,1
43329,1
45748,1
36795,0
15431,1
15807,0
46458,1
23258,1
10411,1
1576,0
40275,0
10204,0
28464,0
4696,0
6293,1
13793,1
48711,1
4600,1
40915,1
15221,1
43356,1
22446,1
16475,1
12278,0
38872,1
18536,1
15722,1
23594,0
41808,0
4220,1
17034,1
19989,1
48019,1
5556,1
2707,1
36294,1
28651,1
47150,1
18849,1
13515,1
5494,0
41702,1
2930,0
43536,1
13599,1
19343,1
28890,1
11822,0
29712,1
11206,0
6920,1
40262,1
16018,1
2129,0
21689,0
27281,1
46922,0
13231,1
45055,0
44100,1
30915,1
40619,1
9441,1
2526,0
47923,0
21282,0
19360,1
25004,1
48761,1
4231,0
26583,1
41667,1
9723,1
3316,1
28122,1
28524,1
48708,1
40443,1
37521,1
41966,0
45861,1
30884,0
8098,1
771,0
40015,1
44238,1
23942,1
39582,1
10611,0
27888,1
19988,0
1272,1
22145,1
22791,1
15711,1
48364,1
24353,1
25145,1
19045,1
23049,1
15410,0
21807,1
6137,0
16467,1
41044,1
6560,0
38546,0
33860,1
18341,1
42356,1
38688,1
27351,0
25487,0
17849,1
14674,0
36151,1
42591,1
36674,1
40711,1
26698,0
29572,1
18118,1
25007,0
38488,1
37389,1
34588,1
6424,0
15224,1
45166,1
4229,1
31389,1
39343,1
14480,1
46228,1
31298,0
35037,1
12662,1
43682,1
41963,1
40955,0
14023,1
33525,1
42350,1
32264,0
38295,1
13444,1
11725,1
25723,1
38961,1
3498,1
11144,1
3934,0
31829,0
7746,0
1930,1
48340,0
9890,1
17266,1
13023,1
32861,1
46107,0
7960,1
12453,1
42032,1
31597,0
45318,0
45390,1
43181,0
35483,1
32410,0
19876,0
36967,1
17505,1
1190,1
10425,1
5447,1
43046,1
5239,0
37472,0
40214,0
19545,1
33745,1
312,1
34607,0
15858,0
12699,1
38287,1
1326,1
36677,1
45533,0
28363,0
5396,1
23296,1
47847,1
41320,1
30461,1
39015,1
24434,1
27280,1
40461,1
28913,1
37032,0
33748,1
11355,1
20622,1
3891,1
10576,1
20551,1
889,1
8450,1
13740,1
38017,1
34099,1
45342,1
10012,1
493,1
17696,1
43151,1
834,1
20909,1
26559,1
10083,1
8918,1
48697,1
35443,1
48791,1
38055,1
26659,0
21861,1
20370,1
43565,1
36910,1
42715,1
42270,1
3109,1
40148,1
4320,1
3882,1
40878,1
1244,1
17077,1
18033,1
8737,0
26668,1
32896,0
30764,0
8168,1
26187,1
27619,1
19967,1
45781,0
48222,1
39897,1
19438,1
27409,0
44923,0
42399,1
13645,1
4643,1
32310,1
7570,1
13263,1
43646,1
9047,1
21746,1
33893,1
4446,1
10299,1
28774,0
29516,1
4733,1
12280,0
14691,1
35094,0
7841,1
27466,1
10172,1
2944,0
44267,1
31457,1
33161,1
8413,1
36211,1
9773,1
26519,1
43749,0
4821,1
36930,1
3649,1
35627,0
27556,1
27624,1
13637,1
27030,1
14924,1
12936,0
11388,1
16696,1
29916,1
41369,1
14390,1
36926,1
48312,1
26,0
46172,1
48205,0
4922,1
35086,1
25214,1
4415,1
11412,1
17758,1
8233,1
33493,0
13429,1
8076,1
47970,1
12457,0
10009,1
45970,1
16414,1
14479,1
6420,1
3027,1
39591,1
27395,1
48338,0
45019,1
9935,1
14134,1
9122,1
34229,1
33579,1
14063,1
6627,0
28575,1
11667,0
30476,1
29486,1
11569,1
32326,1
14754,1
36654,1
17248,1
40065,0
13978,0
25912,1
39983,1
359,1
849,0
17726,1
8064,1
6019,1
37375,0
46766,1
37457,1
6337,1
6142,1
3858,0
47637,1
3492,1
34808,1
14188,1
28400,1
22858,1
345,0
33104,0
18637,1
46562,1
14070,1
26820,0
3598,1
47132,1
33108,1
2813,0
30087,1
7854,1
792,1
48075,1
31994,1
44724,1
41231,0
41197,1
47368,1
22763,0
14449,1
37318,1
4248,1
27735,0
36651,1
10532,1
13970,0
43205,1
37633,1
28490,0
35949,1
30199,1
38906,1
43872,1
3304,1
27490,1
2782,1
11902,1
30657,1
24891,0
33444,1
18465,1
32347,1
1849,1
35997,1
39176,1
15304,1
45653,1
10916,0
27603,1
33217,0
46988,1
46596,1
789,0
3723,1
5434,1
6303,1
45224,1
22166,1
40793,0
40756,1
43715,1
7380,1
27396,1
11889,1
14018,1
44770,1
45867,1
45625,1
9060,1
14654,1
37689,1
33549,1
19543,1
35367,1
5417,1
1974,1
25517,0
18075,1
14417,1
34379,1
26649,1
31656,1
28241,1
32960,1
4426,0
15423,1
46390,1
37574,1
23547,1
13551,0
46586,0
39405,1
36488,1
12822,1
35138,1
14319,1
3330,0
15790,0
14098,1
13884,1
46743,1
15126,1
14697,0
47091,1
44998,0
30399,0
2091,1
10629,0
15176,1
27419,0
35572,1
36349,1
38807,1
24442,0
21962,1
28859,1
6504,1
34889,0
41162,1
33419,1
6405,1
44167,1
31228,1
3,1
9431,1
36018,1
9584,1
33100,0
40923,1
24635,1
22643,1
2775,1
15391,1
38839,1
44665,1
27337,1
38167,0
8139,1
4179,1
47850,0
32182,1
38397,1
31973,1
10616,1
46357,1
16127,0
28271,0
1165,1
44895,0
11058,1
46354,1
31760,1
48390,1
33176,0
23044,0
30359,1
40733,1
18814,0
38059,1
32261,1
17950,1
25803,1
27189,1
38789,0
24238,1
143,1
33807,0
37268,1
20280,1
45673,1
43743,1
23375,0
23228,1
768,1
30856,1
40655,0
37888,1
18404,0
10595,1
36934,1
27078,1
42973,1
23487,1
6701,1
23653,0
235,1
14442,1
29813,1
24895,1
24261,1
23570,0
44320,1
45735,1
12212,0
16034,1
20557,1
18552,1
42861,0
23939,1
36406,1
44593,1
341,1
7307,0
7687,1
7860,1
40588,0
8352,0
33872,0
32621,1
35786,0
34385,0
47408,0
18572,1
32977,0
37862,0
48085,0
45840,1
19171,1
14623,1
32299,1
19051,1
47971,1
37416,0
16848,0
12989,0
6702,0
42801,1
15078,1
46069,1
20630,1
8254,1
32056,0
26524,1
31254,1
8591,1
37536,1
29468,0
44352,0
41423,1
7323,0
25855,0
38499,0
44327,1
28867,1
20955,1
19273,1
26602,1
3068,0
17874,1
42769,1
29676,0
41887,1
677,1
40990,0
40501,1
8284,1
33023,0
41929,0
44785,1
41990,1
39265,1
20948,1
41394,1
37471,1
39297,1
45106,1
7911,1
36996,1
6707,0
15966,0
48585,1
7596,0
43745,1
38491,1
35021,0
6746,1
20657,1
23423,1
16448,1
31234,1
12034,1
16732,1
41315,1
38445,0
28684,1
6188,0
20254,1
41226,0
32964,1
22305,1
20664,1
32102,1
16213,1
20693,1
8073,0
43994,1
9922,1
39753,1
38766,0
12315,1
48569,1
8388,1
6656,1
13562,0
280,1
30432,0
21679,0
28451,0
24007,1
32610,0
19359,0
8753,0
44896,1
1639,0
41950,1
40235,1
9668,0
27136,1
23278,1
33746,1
23966,1
2783,1
13185,1
35943,1
18177,0
9337,0
7350,0
40462,1
18047,0
8503,1
5181,1
44468,1
40112,0
26174,1
43596,1
19973,0
13139,1
35629,1
4039,1
33614,0
26382,1
44613,0
41692,1
27642,1
30372,0
38080,1
3246,0
34054,1
30283,0
12766,0
21436,0
38846,1
46412,0
37762,1
37666,1
6846,1
41542,0
13816,1
21572,1
37118,1
44223,1
9957,1
10056,1
34345,1
48825,1
9266,1
30074,1
44124,1
12944,1
7291,1
9849,0
6809,1
30627,1
44258,1
2124,1
16445,1
32437,0
47076,0
770,1
44892,1
20583,0
14581,1
3638,0
45684,0
10950,1
40555,1
45649,0
35259,1
30483,1
15108,1
32417,1
10279,1
4666,0
8286,1
27756,1
1544,1
38455,1
4113,1
20524,1
41459,1
3177,1
13376,0
45884,1
28075,0
13156,1
34666,1
21893,1
27872,0
14305,1
18805,0
14981,0
42365,1
38638,1
20505,1
28529,1
33017,1
19913,1
32944,1
2301,1
30781,1
4266,1
38778,1
4391,1
8429,1
2752,0
33944,1
37495,1
27043,1
40980,1
21617,1
18425,1
5473,1
13387,0
18319,1
3438,1
14033,1
38332,1
32833,1
32989,0
3729,0
1766,1
5903,1
21913,1
10135,0
35221,0
2843,1
14873,0
13055,0
39921,1
24123,0
42631,0
48723,1
34008,0
9647,1
1790,1
25858,1
48522,1
20869,0
28204,1
7030,1
38320,1
25918,1
34212,1
35497,1
15528,0
38998,1
7672,1
41196,0
27146,1
1449,1
23422,1
38892,1
13276,1
47501,1
28243,0
5252,0
21909,1
15658,1
36970,0
2019,0
30185,1
6773,1
1581,1
15127,1
20111,1
6690,1
17534,1
35196,1
13630,1
42183,1
13170,1
30771,1
23495,1
14702,0
43505,0
12533,1
9667,1
15747,1
2892,1
10580,1
32654,0
31878,0
36034,0
44799,1
41063,0
20216,1
10370,1
8515,0
38883,0
42945,1
43500,1
35754,1
13192,1
27142,1
37997,1
21138,1
29898,1
24245,1
20232,1
11503,1
1617,1
32568,0
28954,1
45468,0
16673,1
9192,0
7922,1
46396,1
18326,1
7317,1
6050,1
48729,1
25512,0
43720,0
1067,1
13323,1
3513,0
31875,1
10031,1
1763,0
28990,1
14704,1
3137,1
42708,0
37966,1
5504,1
14821,1
38997,1
44004,0
42375,1
43884,1
44215,1
13309,0
31284,1
5955,1
29248,1
27349,0
9771,1
22530,1
34183,1
40738,1
26386,1
9709,1
41585,0
27170,1
17174,1
2769,0
2107,0
26941,1
26803,1
35389,1
9162,1
40781,0
5940,1
25322,1
15985,1
37855,0
313,0
31620,1
33407,1
22629,1
6585,0
22085,1
37984,1
16494,0
23367,0
27892,1
36482,0
26397,1
10816,1
34653,1
30744,1
43271,1
36994,0
30843,1
2321,1
14662,1
38881,1
44177,1
7663,1
38885,1
16169,1
37121,1
48167,1
4932,1
12990,0
41995,1
31678,1
44934,1
47272,1
20596,1
24922,0
26688,1
19906,1
6147,0
39576,1
21056,1
27368,1
29714,1
35041,1
6488,0
30127,1
30831,1
31338,0
44244,1
46970,1
9508,1
44090,1
29883,1
7708,1
6904,1
9933,0
34697,1
6090,1
27282,1
5507,1
10065,1
34538,0
24354,0
16042,1
43409,1
36694,1
5513,1
22442,1
15650,0
16768,1
47024,1
38138,0
8789,0
43230,1
389,1
27480,1
21641,0
47186,1
10796,1
4809,1
24509,1
43998,1
14433,0
26710,0
45556,1
5641,0
7010,1
42950,1
38024,1
14650,0
30118,0
8345,1
24447,1
44693,1
30623,1
48179,1
3166,1
10277,1
10959,1
18391,1
44620,0
47143,1
29605,0
22846,1
5318,1
23765,1
37022,1
36537,0
31526,1
7750,1
4901,1
23466,1
26641,1
40622,0
45635,1
1887,1
48425,1
46584,1
5168,1
3565,0
34801,0
4565,0
46703,1
25385,0
25539,0
29969,0
6370,1
311,1
46105,0
3675,0
17175,0
22354,1
10100,1
24528,1
40765,1
23537,1
33114,1
712,0
6539,1
16851,1
27256,1
41742,1
35170,1
38053,1
37566,1
24229,1
30123,1
8223,1
36602,1
48617,1
5828,0
36975,1
26045,0
13283,1
31095,1
12473,1
45514,1
27959,1
41189,1
33530,1
29583,1
30589,1
26895,1
40182,1
14876,1
5752,1
22712,1
36850,0
24443,0
8674,0
31450,1
8499,1
36696,1
39924,0
8794,1
39563,0
43534,1
2261,1
46103,1
2137,1
19272,1
37638,1
32900,1
42826,1
46738,0
5789,0
19529,0
30038,1
31518,1
10156,1
24946,1
38659,0
35765,0
32274,1
26780,0
12883,1
3248,1
45330,0
45491,0
44650,0
15138,1
10257,0
47504,1
22134,1
46337,1
13408,1
12302,1
28728,1
13098,0
31694,1
31001,0
37345,1
8839,1
31265,1
24462,1
24974,1
31784,1
15003,1
19823,1
2136,1
17862,1
4594,1
6153,1
39729,1
28402,1
39508,0
21409,1
48287,1
27174,1
24170,1
6228,1
11960,0
27496,1
41841,1
2311,1
29539,1
38776,0
4066,0
13058,1
2642,1
48505,1
35802,1
4874,0
19020,0
12197,1
30427,1
48775,1
3982,1
5298,1
5892,0
4590,1
13319,0
41944,1
21749,1
30621,1
16717,0
45809,1
38401,1
22856,1
22944,0
31820,1
10948,0
45222,1
11718,1
46169,1
32626,1
6343,1
8265,1
40585,1
36763,1
14107,0
34245,1
33969,0
18091,1
7381,1
31423,1
9818,0
3538,1
28359,1
39934,0
2066,1
27026,1
669,1
29466,1
4067,1
9347,1
46677,1
28930,1
13385,1
48296,1
10484,1
46646,1
9711,1
23660,1
6450,1
27339,1
42773,1
33653,1
6444,1
3931,1
9061,1
6826,1
24237,0
24244,1
18475,0
37152,1
9757,1
21043,1
32499,1
32942,1
10706,1
35490,1
25464,1
27470,1
870,0
13430,1
14701,1
8676,1
29442,1
18594,1
40813,0
1521,1
25012,1
23480,0
17493,1
1548,1
11405,1
20003,1
8921,1
33688,1
35877,1
4678,1
38113,1
9635,1
2978,1
15594,1
13550,1
1247,0
34102,1
44196,1
14960,1
428,1
5864,1
5854,0
33961,1
24824,1
5201,0
15403,1
3042,1
6591,1
7342,0
30511,1
27228,1
40796,0
17194,0
28417,0
5657,1
14218,0
24920,1
25384,1
2403,0
6977,1
7236,0
16114,1
824,1
11483,1
39586,1
10996,1
15912,1
39687,1
33154,0
33674,1
44976,0
35897,0
32070,1
4961,1
26718,1
34925,1
4452,0
31666,0
7282,1
32620,1
25200,1
19495,0
14558,0
45133,1
5999,0
859,1
21863,1
39676,1
32702,0
30502,1
15007,1
9299,0
4810,0
46178,1
30478,1
2612,1
27007,1
31896,1
26149,0
47612,1
6384,1
19626,1
11109,1
41529,1
14607,1
44619,0
35394,0
31396,1
48292,1
10008,0
35783,0
33545,0
42498,1
34965,0
3469,1
28672,1
12366,1
23483,1
48760,1
20448,1
45460,1
3406,1
48643,1
37283,1
25274,0
26275,0
41313,1
24419,1
45616,1
31339,0
38592,0
15963,1
28915,0
41,1
23877,1
7571,0
32327,1
25804,1
25875,1
15593,1
18146,0
31803,1
222,0
29255,1
34909,0
45864,1
4401,1
37253,1
729,1
22043,1
36509,0
41181,1
6680,1
29170,1
47343,1
31927,1
6274,1
23988,1
5945,1
3005,1
39031,0
26699,1
1629,0
15637,1
9408,0
47775,1
44240,1
31866,1
30951,1
8686,0
17283,0
36932,1
5091,0
1342,1
43755,1
8895,1
31510,1
14459,0
44415,1
28547,1
14450,1
4977,0
26446,1
33323,1
19114,1
43444,1
23469,1
16804,0
47798,1
28177,1
30500,1
21625,1
33487,1
25397,0
7148,1
13136,0
4469,0
3213,1
33971,1
17910,1
6051,0
31123,1
26701,1
19792,1
37771,1
3385,1
6692,1
6669,1
2253,1
19494,0
18855,1
30373,1
40406,1
29204,1
31440,0
15362,1
8914,0
20847,1
19046,1
2147,0
38578,1
5877,1
9634,1
21544,1
8818,1
39681,1
17192,1
39264,1
44478,1
40967,0
39669,1
16302,1
21719,1
10546,1
44948,1
11404,1
3803,1
39260,1
42813,0
16769,1
15823,1
37100,1
30456,1
15259,1
26148,1
24036,1
2635,1
5967,0
8126,1
17616,1
5384,1
47256,1
11542,1
9165,1
30028,1
30209,1
36966,0
43690,0
45113,1
18489,1
12937,1
36345,1
20127,1
34971,1
28827,1
15729,1
34530,1
8472,1
31644,0
18105,1
11224,1
10917,1
35840,0
23609,1
26076,1
15520,1
34739,1
24064,1
17354,1
46502,1
10321,1
35853,1
30311,1
45918,0
7125,1
24694,1
27453,1
24515,1
19566,1
37179,1
26801,1
37210,1
2047,1
13540,1
38770,1
38633,0
43157,0
30255,1
30386,1
32161,1
8335,1
2224,1
42439,1
44032,0
6971,0
18301,1
43670,1
41967,1
31305,1
9117,0
2908,0
32283,1
4993,1
37595,1
22022,1
5907,1
19514,1
3376,1
22569,0
2563,1
40508,1
1087,0
35374,1
1552,1
919,1
31859,1
45160,1
29577,1
17331,1
23477,0
45598,0
37364,1
13040,0
28828,1
479,1
16533,0
39369,0
44616,1
21261,0
2290,1
457,1
15223,1
26035,1
11271,0
47147,1
26094,1
3633,0
31964,1
43421,1
2922,1
19187,0
35231,1
43905,1
45154,1
4888,1
32614,1
25225,1
241,1
23896,1
37055,1
47055,1
44964,1
27691,0
25126,0
39122,0
42796,0
3462,1
35926,0
40984,1
5374,0
20054,1
28851,0
12337,1
17634,1
21865,1
25696,1
36717,1
28378,0
15173,1
35312,0
29102,0
29713,0
4776,1
40922,1
44667,1
40270,1
10308,1
45889,1
42407,1
37284,1
40240,1
26024,1
5404,1
3084,1
48464,0
2053,1
3616,0
42882,1
34470,0
42734,1
9436,0
22999,0
12258,0
3636,1
19470,0
20359,1
35391,1
8673,1
47883,1
4013,0
3209,0
40927,1
10069,1
15888,1
27520,1
8084,1
35212,1
28695,1
31778,1
28489,1
32208,1
40335,1
21675,1
20011,1
4201,1
13343,1
44621,1
38283,1
9495,1
4173,0
34505,0
43512,1
41787,1
19073,1
34865,1
38228,0
6956,1
2134,1
16470,1
12666,0
4671,0
20490,1
16621,1
22382,1
41359,1
41059,0
8094,1
36528,1
45338,1
12117,1
3702,1
43174,0
44204,1
34090,0
21914,0
22478,1
41330,1
7169,0
13260,1
41723,1
43372,1
41902,1
37932,1
34474,1
33294,1
702,0
8536,0
20493,1
37046,0
36557,1
21503,1
35399,1
665,1
17674,1
28206,1
201,1
36837,1
28348,0
47345,1
29276,1
32103,1
16368,1
46202,1
15715,1
3848,1
35032,1
42553,1
23981,1
9901,1
4225,1
30338,1
6861,0
32801,1
409,0
6779,0
35828,1
43615,1
47488,1
40183,1
28184,0
24928,0
28790,1
35737,1
20046,0
5207,1
4180,1
18854,1
26783,1
40362,1
34746,1
27801,1
7064,1
47569,1
8522,1
28277,0
25314,1
3481,0
32078,1
40602,1
27592,1
28388,1
34236,1
42428,1
20851,1
21834,0
42021,1
6469,1
23763,1
5887,0
15740,1
9233,1
13000,1
43012,0
34782,1
23538,1
23097,1
